age,sex,mean,lower_ci,upper_ci
0,Both,0.0,0.0,0.0
1,Both,0.0,0.0,0.0
2,Both,0.0,0.0,0.0
3,Both,0.0,0.0,0.0
4,Both,0.0,0.0,0.0
5,Both,0.0,0.0,0.0
6,Both,0.0,0.0,0.0
7,Both,0.0,0.0,0.0
8,Both,0.0,0.0,0.0
9,Both,0.0,0.0,0.0
10,Both,0.0,0.0,0.0
11,Both,0.0,0.0,0.0
12,Both,0.0,0.0,0.0
13,Both,0.0,0.0,0.0
14,Both,0.0,0.0,0.0
15,Both,0.0,0.0,0.0
16,Both,0.0,0.0,0.0
17,Both,0.0,0.0,0.0
18,Both,0.0,0.0,0.0
19,Both,0.0,0.0,0.0
20,Both,0.0,0.0,0.0
21,Both,0.0,0.0,0.0
22,Both,0.0,0.0,0.0
23,Both,0.0,0.0,0.0
24,Both,0.0,0.0,0.0
25,Both,0.0,0.0,0.0
26,Both,0.0,0.0,0.0
27,Both,0.0,0.0,0.0
28,Both,0.0,0.0,0.0
29,Both,0.0,0.0,0.0
30,Both,3.3628072231399317e-07,5.6091741911674936e-14,1.6036333198467547e-06
31,Both,0.004088382362348722,0.003108473140764787,0.005224294458768252
32,Both,0.008181582890107031,0.006227924735198507,0.01044404530814288
33,Both,0.012269854811226468,0.009342359833226743,0.0156561939693195
34,Both,0.01635417981782332,0.012455096310750938,0.02086683841909261
35,Both,0.02044263405580282,0.01556276422056048,0.026081539670604892
36,Both,0.022923428016568825,0.01768988034504228,0.02897807537407394
37,Both,0.02538796487996397,0.019601855190604606,0.032144683307425106
38,Both,0.027869979661953787,0.021346292841127906,0.03556212916491637
39,Both,0.03037139912035198,0.022996327667158856,0.03916711414305294
40,Both,0.03291969388844054,0.024599770059686114,0.04300631061617103
41,Both,0.03622020430159505,0.02765642257197439,0.04621726758340564
42,Both,0.03947564847692911,0.03038941612158467,0.0498350408434941
43,Both,0.04277231790101722,0.032907611844180555,0.05406473984474509
44,Both,0.04606030358436657,0.03524430875551705,0.058527258780964965
45,Both,0.04941589987343518,0.03745674342965892,0.06339173396541165
46,Both,0.05282289622437195,0.04100974403343611,0.06653389856141377
47,Both,0.05623455525802501,0.04409842137547137,0.07024096189870523
48,Both,0.05974848637979052,0.04692839880714965,0.07444839984097883
49,Both,0.06326091271461086,0.049424862494687624,0.0792546565778699
50,Both,0.06681307028519537,0.05167979231992241,0.08447748710419194
51,Both,0.07054007656442157,0.05587500485149406,0.08758432796590891
52,Both,0.07414974299478502,0.05942893238785473,0.09130640620284296
53,Both,0.07784844838070223,0.06236640593429825,0.09568719792716474
54,Both,0.08170986758195467,0.06505265218577846,0.10064212338729056
55,Both,0.08553184234416683,0.06734588559481343,0.10628403654875644
56,Both,0.08990793863470632,0.07242137310498957,0.11004744534688454
57,Both,0.09401478637589014,0.07654304704889989,0.1143566625718992
58,Both,0.09795740772978595,0.07954182715234748,0.11935298692204971
59,Both,0.10177651296858688,0.08177102367543246,0.12486724243494847
60,Both,0.10569679435243215,0.08379186374183797,0.131390337925802
61,Both,0.11059664331006243,0.08970782804882976,0.13544691698250474
62,Both,0.11532035698647437,0.09456942811013375,0.13988945431150765
63,Both,0.12061743430625747,0.09918086335076294,0.1460934287970891
64,Both,0.12588851633919032,0.1030897865780427,0.1532716351235485
65,Both,0.1312077364805443,0.10634851525529251,0.1613106536284155
66,Both,0.13667262816472686,0.11236700643750551,0.16558416152932948
67,Both,0.14183096924418787,0.11743589620986057,0.170641090999101
68,Both,0.14702662816371453,0.12147185653642006,0.17677353303901885
69,Both,0.15183408035655918,0.12435765173155044,0.18379922710087884
70,Both,0.15704731771879415,0.12714440690711795,0.19215219319971347
71,Both,0.16346050451326546,0.13433298132278274,0.19784871670557547
72,Both,0.16941673866165527,0.14019101768009318,0.20385770834311906
73,Both,0.17566570589251562,0.14509484302855516,0.21156195344796447
74,Both,0.1818625682856045,0.14936876094776436,0.22009224453555165
75,Both,0.18645690679721869,0.1512998344264872,0.2281604365825149
76,Both,0.19395150098011427,0.15954621388126827,0.2346456271932484
77,Both,0.20014798753766208,0.1649167663102977,0.24107755986377918
78,Both,0.20665062164105996,0.16967200066734736,0.2496586465667215
79,Both,0.20986723886245737,0.17090307348900718,0.255862979372219
80,Both,0.21469223196690962,0.17282748722242314,0.26491386180869453
81,Both,0.2212125330863554,0.18037386329545801,0.2701607559711817
82,Both,0.22666352712511456,0.1855293741571733,0.2754428772166399
83,Both,0.23373146214488685,0.19099652052732158,0.28330401747004713
84,Both,0.2405414933361268,0.19529816566612862,0.2922999960851513
85,Both,0.2487385436327672,0.2001951892803637,0.3047133846793911
86,Both,0.25717073120929645,0.20915612973271452,0.3126278320778221
87,Both,0.26416025837842727,0.21486905263153339,0.32036450325122506
88,Both,0.27204006382003043,0.2203771585689106,0.3310045916263868
89,Both,0.27956326588447394,0.22461606637083195,0.34210840905257855
90,Both,0.2873108024203303,0.2282850781626523,0.35558325310349675
91,Both,0.2948855507202274,0.2347514330535899,0.36334432253884524
92,Both,0.30051718411082573,0.23890816575542484,0.3706919202904289
93,Both,0.3093451917194339,0.24466364815992567,0.382749433894354
94,Both,0.3164335495096452,0.24848151133134416,0.39439216037792935
95,Both,0.3270202933698763,0.25421013762802913,0.41207231716279996
96,Both,0.3318241615540346,0.258545475136878,0.4169471739436339
97,Both,0.3366276716312771,0.26223174801631055,0.4232316665086102
98,Both,0.34143105260419987,0.2649830346916268,0.43059574074838414
99,Both,0.346234146901584,0.2675103497963491,0.43889218099593347
100,Both,0.35103672005315006,0.26995392313047895,0.448443012093564
0,Male,0.0,0.0,0.0
1,Male,0.0,0.0,0.0
2,Male,0.0,0.0,0.0
3,Male,0.0,0.0,0.0
4,Male,0.0,0.0,0.0
5,Male,0.0,0.0,0.0
6,Male,0.0,0.0,0.0
7,Male,0.0,0.0,0.0
8,Male,0.0,0.0,0.0
9,Male,0.0,0.0,0.0
10,Male,0.0,0.0,0.0
11,Male,0.0,0.0,0.0
12,Male,0.0,0.0,0.0
13,Male,0.0,0.0,0.0
14,Male,0.0,0.0,0.0
15,Male,0.0,0.0,0.0
16,Male,0.0,0.0,0.0
17,Male,0.0,0.0,0.0
18,Male,0.0,0.0,0.0
19,Male,0.0,0.0,0.0
20,Male,0.0,0.0,0.0
21,Male,0.0,0.0,0.0
22,Male,0.0,0.0,0.0
23,Male,0.0,0.0,0.0
24,Male,0.0,0.0,0.0
25,Male,0.0,0.0,0.0
26,Male,0.0,0.0,0.0
27,Male,0.0,0.0,0.0
28,Male,0.0,0.0,0.0
29,Male,0.0,0.0,0.0
30,Male,3.3802840655473093e-07,5.618126028124428e-14,1.6203454300327076e-06
31,Male,0.004111017980129348,0.0031306523024292082,0.005289640188326805
32,Male,0.008235427108522358,0.006277155097445025,0.01059031952886326
33,Male,0.012355731619799517,0.009424340794512251,0.015888604322119172
34,Male,0.01646873856494032,0.01256374732876478,0.021177310275402855
35,Male,0.02057692173866507,0.01569573288284801,0.026462056805689423
36,Male,0.023051717165650062,0.01779607240671758,0.02928965227208656
37,Male,0.02550246212014621,0.019602667932725658,0.03247903418591644
38,Male,0.027964492529112255,0.021290031426640873,0.035991632716073786
39,Male,0.030455336144100873,0.022905477699999094,0.039625203863716756
40,Male,0.033014220037716695,0.024488552670516372,0.04344694623956928
41,Male,0.03634458168645754,0.0276172574573626,0.04686706246419953
42,Male,0.03962967528339501,0.030362442357609556,0.050541644684296214
43,Male,0.04295374311377633,0.03289611750987976,0.054835790488378194
44,Male,0.046292325010350445,0.03528024967589691,0.059396302814837564
45,Male,0.049727631453832924,0.03754798495928481,0.06437792291114541
46,Male,0.05324372605622992,0.041040493166070786,0.06771099624192219
47,Male,0.05678809511819573,0.04411225834827873,0.07152539133147691
48,Male,0.060430076861336376,0.04699718503466453,0.07606859358902998
49,Male,0.06404476088154006,0.049592487043994,0.08104863383794011
50,Male,0.06767737180686534,0.0516971701512778,0.0864588228420152
51,Male,0.07150893899933383,0.056051001028657385,0.08986782779465038
52,Male,0.07523500395828323,0.0596569372065569,0.09349393619233289
53,Male,0.07905150043720201,0.0629090810276152,0.0979703114882643
54,Male,0.08301648784777697,0.06576682438403864,0.10298750160350655
55,Male,0.08692055136491357,0.06818398865308123,0.10862543658983256
56,Male,0.09140537012727222,0.07307176831704042,0.1126655114707786
57,Male,0.09556826172905616,0.07700741720514288,0.11716643751220403
58,Male,0.09951424023653643,0.0801838112890754,0.12236605579691072
59,Male,0.10321618240928898,0.08244594824986022,0.12793807986879804
60,Male,0.10702120528131409,0.08438621940004372,0.13441146125213002
61,Male,0.11189854090602006,0.09016049368286584,0.13812004424105262
62,Male,0.11670772998470519,0.09515522989670083,0.14287621677916135
63,Male,0.12219419730600951,0.10001212643745166,0.149411901304354
64,Male,0.1278145613111922,0.10401987336696068,0.15690610174205585
65,Male,0.1334852833688455,0.10756827885572764,0.165328744562732
66,Male,0.13923007006044383,0.11399854861027375,0.17000196021441688
67,Male,0.14450340679892437,0.11918817121313972,0.17508320856321286
68,Male,0.149714803668693,0.12331833437153447,0.18132550141904755
69,Male,0.15453757226791126,0.12622763800694559,0.18855062371381062
70,Male,0.15985877596651898,0.1291127347760124,0.197129754659328
71,Male,0.1660650498291849,0.1358821758090346,0.2022049006890964
72,Male,0.1727654684036695,0.14186874490007803,0.20922794589890772
73,Male,0.1783229531229335,0.14572722813940223,0.21622503476098726
74,Male,0.18484436930898196,0.15007912769312112,0.22505248169626416
75,Male,0.18955613305097743,0.1519486140442412,0.233278702514796
76,Male,0.1965966287973589,0.15967540609698316,0.23983446666157637
77,Male,0.20280708031696618,0.1653968114641598,0.2465195621128758
78,Male,0.20969214941679482,0.17052153973297612,0.25545340569037284
79,Male,0.21380410334418942,0.1724140269765684,0.26260421831397573
80,Male,0.21899614906078477,0.17474363352447728,0.271949838832209
81,Male,0.22594843809185558,0.18289042610781164,0.27777905190488794
82,Male,0.23185224583994726,0.18845817837758652,0.2840123038538695
83,Male,0.23877946082311555,0.19389335910556252,0.2924002283144679
84,Male,0.2455262099481662,0.19821259993942741,0.301874579046798
85,Male,0.2530914354556293,0.20275984669438835,0.31328965657770663
86,Male,0.26084992055059797,0.21085168884451516,0.32027362247806135
87,Male,0.26731522912842004,0.21665332528566988,0.32674033969503247
88,Male,0.2746814495213834,0.22153214028587062,0.33654950371808157
89,Male,0.2815335726854977,0.22518447315328616,0.34650198499095863
90,Male,0.2888402727789844,0.2287837293919072,0.3593407318731308
91,Male,0.2956538763341383,0.23469908507447587,0.36661662152735613
92,Male,0.3007609536930502,0.23820824762531542,0.3722706510058467
93,Male,0.3081009807697158,0.2428760153703068,0.38226870662319035
94,Male,0.3142947670202582,0.2461404387087162,0.39327032905832454
95,Male,0.3205854392371022,0.24829123280718957,0.4057249954551164
96,Male,0.32528434138881,0.2527296574813449,0.4105484723198318
97,Male,0.3299832295773053,0.25624378328532793,0.415623996793704
98,Male,0.33468209528201687,0.2592756585898618,0.4229392577266964
99,Male,0.3393809210358079,0.2621630546950062,0.42967850200796065
100,Male,0.3440797156241744,0.264421651652744,0.43845792490753255
0,Female,0.0,0.0,0.0
1,Female,0.0,0.0,0.0
2,Female,0.0,0.0,0.0
3,Female,0.0,0.0,0.0
4,Female,0.0,0.0,0.0
5,Female,0.0,0.0,0.0
6,Female,0.0,0.0,0.0
7,Female,0.0,0.0,0.0
8,Female,0.0,0.0,0.0
9,Female,0.0,0.0,0.0
10,Female,0.0,0.0,0.0
11,Female,0.0,0.0,0.0
12,Female,0.0,0.0,0.0
13,Female,0.0,0.0,0.0
14,Female,0.0,0.0,0.0
15,Female,0.0,0.0,0.0
16,Female,0.0,0.0,0.0
17,Female,0.0,0.0,0.0
18,Female,0.0,0.0,0.0
19,Female,0.0,0.0,0.0
20,Female,0.0,0.0,0.0
21,Female,0.0,0.0,0.0
22,Female,0.0,0.0,0.0
23,Female,0.0,0.0,0.0
24,Female,0.0,0.0,0.0
25,Female,0.0,0.0,0.0
26,Female,0.0,0.0,0.0
27,Female,0.0,0.0,0.0
28,Female,0.0,0.0,0.0
29,Female,0.0,0.0,0.0
30,Female,3.361786138546261e-07,5.544877604237692e-14,1.6046811085884632e-06
31,Female,0.004085013278690238,0.0030085108543650035,0.0053406168153042125
32,Female,0.008165205356551249,0.006015304727999874,0.010675274924554208
33,Female,0.01223772532789624,0.009018185820220691,0.01599969706831687
34,Female,0.0163081866498635,0.012021316796630386,0.021330078583935312
35,Female,0.020391469591585446,0.015030557398938275,0.026662336189659724
36,Female,0.022887659196181624,0.017078259160165064,0.029587876529872065
37,Female,0.02537743081802017,0.01893200919556228,0.03277054352742978
38,Female,0.027891751140445866,0.020633477518152116,0.03626081824829313
39,Female,0.030415929753061687,0.02231012572574782,0.039913241569078925
40,Female,0.03296381376973144,0.023914013385931906,0.04370869175243011
41,Female,0.03624259066962829,0.026789602227601846,0.047187744983027406
42,Female,0.039479040978155834,0.02941832744252639,0.050951045206210036
43,Female,0.042760033163484756,0.03184759660002159,0.05536421333258358
44,Female,0.046008754691796765,0.0340654864830603,0.059842634994681405
45,Female,0.04929528044136419,0.03614409158150216,0.06469950390154508
46,Female,0.052599523183688726,0.03943668506866736,0.06782356353147995
47,Female,0.05589640843500385,0.042331789861908796,0.07152056118747877
48,Female,0.05930757503842053,0.04497862286909456,0.07587145143453042
49,Female,0.06274751531195463,0.047430489473472136,0.08048812550897244
50,Female,0.06624672563207472,0.04965317718959508,0.08572616252755266
51,Female,0.06988085433148486,0.05345803183112075,0.08910601972405795
52,Female,0.0733801776929047,0.05646885663187862,0.0930262545418415
53,Female,0.0769610421100512,0.0592072252267037,0.09747776219621769
54,Female,0.08072433617177177,0.06183215307084873,0.10255164635620986
55,Female,0.08447501806064237,0.06415671684885639,0.10818441647850338
56,Female,0.08878970934705974,0.06868725600678209,0.11239112953201714
57,Female,0.092872201528686,0.07245317838896187,0.11696172461779454
58,Female,0.09683409686320545,0.07549023370383744,0.12187844960936475
59,Female,0.10080083839134947,0.07806311010956907,0.12784031254235856
60,Female,0.10486676616690514,0.08042203901527344,0.13398986898684376
61,Female,0.1098225608675947,0.08570371912218842,0.13849480769546693
62,Female,0.1144999228253018,0.09005423748760724,0.14327235266752147
63,Female,0.11964294095578078,0.09414460533307041,0.14935639376275103
64,Female,0.1246027333609877,0.09790519963928467,0.15634663403074403
65,Female,0.1296037376952058,0.10085352388571346,0.16422208300344576
66,Female,0.13480690376087762,0.10616462006356522,0.16885429131448207
67,Female,0.139869721188499,0.11070993140305543,0.1740555703418435
68,Female,0.14505169907607424,0.11468357791168388,0.18073987459888877
69,Female,0.14985138939550086,0.11768313352457639,0.18804036555544892
70,Female,0.15497952257605235,0.1204997155577829,0.19654763524192848
71,Female,0.1616595171322002,0.12758792622425466,0.20257482445598468
72,Female,0.16702842351533986,0.13241606760851668,0.20835609207260833
73,Female,0.17395273423226276,0.13803733352877412,0.21631980026253617
74,Female,0.17985588193058044,0.1420515559730837,0.22487113384430757
75,Female,0.18431489285719382,0.14424472560497936,0.23207465767421873
76,Female,0.19225324918421471,0.1521251109382866,0.23938964779507033
77,Female,0.19848904496562375,0.15762448857207656,0.24635806967609752
78,Female,0.2047798102074152,0.1624397003049148,0.25445803412479007
79,Female,0.20719061041819273,0.16298550484710367,0.2594863324821127
80,Female,0.21173980044337587,0.16480717225756403,0.26822228090472017
81,Female,0.21797515551564642,0.1716710181320428,0.274022372931728
82,Female,0.22321417860583026,0.1759767735154992,0.27934407462839683
83,Female,0.23031802184735373,0.18108682080891111,0.28803472324540896
84,Female,0.23716908886574908,0.18521095040027105,0.2978443482715064
85,Female,0.24581584831393483,0.19048631008984043,0.31109586976041304
86,Female,0.25470329663583224,0.1989608642084692,0.3203225061579378
87,Female,0.26195087889988566,0.20469526075324398,0.3289088483072415
88,Female,0.2702362819168388,0.21040125751152686,0.3401074709966745
89,Female,0.27825528400558663,0.21502368019344104,0.3529490232515206
90,Female,0.2864202216831304,0.21943071530974254,0.36708540063452505
91,Female,0.2945515664795851,0.22657053355529955,0.3761180000702948
92,Female,0.30051740482283695,0.23069934119342447,0.3843967368393199
93,Female,0.31032225143492137,0.23713654689440034,0.39812455869565117
94,Female,0.3180368755015853,0.24144260777039034,0.41036509143197825
95,Female,0.3310199912141027,0.2491495648886056,0.430994493150068
96,Female,0.33589139489152353,0.2528199295140119,0.436364782944179
97,Female,0.3407619939916543,0.25653715910043307,0.4425054274628816
98,Female,0.34563112629135107,0.2598079637503254,0.45004616482776905
99,Female,0.35049795528052846,0.26236865216368743,0.4585830802465159
100,Female,0.35536212432864306,0.26482092026406007,0.4671238019891384
