age,sex,mean,lower_ci,upper_ci,lower_ci_p95,upper_ci_p95,lower_ci_p97_5,upper_ci_p97_5,lower_ci_p98_333,upper_ci_p98_333,lower_ci_p98_75,upper_ci_p98_75
0,Both,0.0,0.0,0.0,0.0,0.0,0.0,0.0,0.0,0.0,0.0,0.0
1,Both,0.0,0.0,0.0,0.0,0.0,0.0,0.0,0.0,0.0,0.0,0.0
2,Both,0.0,0.0,0.0,0.0,0.0,0.0,0.0,0.0,0.0,0.0,0.0
3,Both,0.0,0.0,0.0,0.0,0.0,0.0,0.0,0.0,0.0,0.0,0.0
4,Both,0.0,0.0,0.0,0.0,0.0,0.0,0.0,0.0,0.0,0.0,0.0
5,Both,0.0,0.0,0.0,0.0,0.0,0.0,0.0,0.0,0.0,0.0,0.0
6,Both,0.0,0.0,0.0,0.0,0.0,0.0,0.0,0.0,0.0,0.0,0.0
7,Both,0.0,0.0,0.0,0.0,0.0,0.0,0.0,0.0,0.0,0.0,0.0
8,Both,0.0,0.0,0.0,0.0,0.0,0.0,0.0,0.0,0.0,0.0,0.0
9,Both,0.0,0.0,0.0,0.0,0.0,0.0,0.0,0.0,0.0,0.0,0.0
10,Both,0.0,0.0,0.0,0.0,0.0,0.0,0.0,0.0,0.0,0.0,0.0
11,Both,0.0,0.0,0.0,0.0,0.0,0.0,0.0,0.0,0.0,0.0,0.0
12,Both,0.0,0.0,0.0,0.0,0.0,0.0,0.0,0.0,0.0,0.0,0.0
13,Both,0.0,0.0,0.0,0.0,0.0,0.0,0.0,0.0,0.0,0.0,0.0
14,Both,0.0,0.0,0.0,0.0,0.0,0.0,0.0,0.0,0.0,0.0,0.0
15,Both,0.0,0.0,0.0,0.0,0.0,0.0,0.0,0.0,0.0,0.0,0.0
16,Both,0.0,0.0,0.0,0.0,0.0,0.0,0.0,0.0,0.0,0.0,0.0
17,Both,0.0,0.0,0.0,0.0,0.0,0.0,0.0,0.0,0.0,0.0,0.0
18,Both,0.0,0.0,0.0,0.0,0.0,0.0,0.0,0.0,0.0,0.0,0.0
19,Both,0.0,0.0,0.0,0.0,0.0,0.0,0.0,0.0,0.0,0.0,0.0
20,Both,0.0,0.0,0.0,0.0,0.0,0.0,0.0,0.0,0.0,0.0,0.0
21,Both,0.0,0.0,0.0,0.0,0.0,0.0,0.0,0.0,0.0,0.0,0.0
22,Both,0.0,0.0,0.0,0.0,0.0,0.0,0.0,0.0,0.0,0.0,0.0
23,Both,0.0,0.0,0.0,0.0,0.0,0.0,0.0,0.0,0.0,0.0,0.0
24,Both,0.0,0.0,0.0,0.0,0.0,0.0,0.0,0.0,0.0,0.0,0.0
25,Both,0.0,0.0,0.0,0.0,0.0,0.0,0.0,0.0,0.0,0.0,0.0
26,Both,0.0,0.0,0.0,0.0,0.0,0.0,0.0,0.0,0.0,0.0,0.0
27,Both,0.0,0.0,0.0,0.0,0.0,0.0,0.0,0.0,0.0,0.0,0.0
28,Both,0.0,0.0,0.0,0.0,0.0,0.0,0.0,0.0,0.0,0.0,0.0
29,Both,0.0,0.0,0.0,0.0,0.0,0.0,0.0,0.0,0.0,0.0,0.0
30,Both,0.0,0.0,0.0,0.0,0.0,0.0,0.0,0.0,0.0,0.0,0.0
31,Both,0.0,0.0,0.0,0.0,0.0,0.0,0.0,0.0,0.0,0.0,0.0
32,Both,0.0,0.0,0.0,0.0,0.0,0.0,0.0,0.0,0.0,0.0,0.0
33,Both,0.0,0.0,0.0,0.0,0.0,0.0,0.0,0.0,0.0,0.0,0.0
34,Both,0.0,0.0,0.0,0.0,0.0,0.0,0.0,0.0,0.0,0.0,0.0
35,Both,0.0,0.0,0.0,0.0,0.0,0.0,0.0,0.0,0.0,0.0,0.0
36,Both,0.0,0.0,0.0,0.0,0.0,0.0,0.0,0.0,0.0,0.0,0.0
37,Both,0.0,0.0,0.0,0.0,0.0,0.0,0.0,0.0,0.0,0.0,0.0
38,Both,0.0,0.0,0.0,0.0,0.0,0.0,0.0,0.0,0.0,0.0,0.0
39,Both,0.0,0.0,0.0,0.0,0.0,0.0,0.0,0.0,0.0,0.0,0.0
40,Both,3.197383816554944e-07,3.0043657237060277e-14,1.5473366308654761e-06,3.0043657237060277e-14,1.5473366308654761e-06,2.7810913094061098e-15,1.7553531724534435e-06,7.625674571338227e-16,1.8559360231967132e-06,3.588261629029659e-16,1.931975199169794e-06
41,Both,0.0003374483566072444,0.00012293349380372638,0.0005440908494439076,0.00012293349380372638,0.0005440908494439076,0.00010596963500272407,0.0005695039103835408,9.883802739289166e-05,0.000582299502082239,9.35949210461033e-05,0.0005934229849130714
42,Both,0.0006751281294364155,0.0002457933687595117,0.0010883815759381926,0.0002457933687595117,0.0010883815759381926,0.0002116207081890033,0.0011389025128811727,0.00019779123177802795,0.0011646606575100769,0.000186816447177,0.0011865831018431196
43,Both,0.0010133088618465946,0.00036858939618548774,0.001633277615163976,0.00036858939618548774,0.001633277615163976,0.0003174535338865595,0.0017077209529562252,0.00029671978866806014,0.0017478608123795835,0.00028018914190284323,0.0017785453317188543
44,Both,0.0013521906641822145,0.0004916738962137123,0.002179510498029224,0.0004916738962137123,0.002179510498029224,0.00042375644277446733,0.0022750126419200287,0.0003958914583699364,0.0023305076443756434,0.0003735065968109516,0.002374517632235817
45,Both,0.0016942411223792029,0.0006157616447757054,0.0027304164335287,0.0006157616447757054,0.0027304164335287,0.000531081607871027,0.00284670138109996,0.0004958695342327043,0.0029172649988246065,0.00046834764474388055,0.002973490637519643
46,Both,0.001899010751000257,0.0009926530453786822,0.0028648892736892542,0.0009926530453786822,0.0028648892736892542,0.0009305291176432631,0.002981306818590292,0.0009003477912421617,0.003047377692747286,0.0008837073671106887,0.0031009146377759373
47,Both,0.0021063561288127953,0.001326996577502334,0.003014628800610775,0.001326996577502334,0.003014628800610775,0.001261310012265809,0.003141280707107319,0.0012283742648787526,0.003219405705781099,0.0012059216679096369,0.003274175852301206
48,Both,0.0023131202903213938,0.001604286765879696,0.0031865303279890924,0.001604286765879696,0.0031865303279890924,0.001518583418963386,0.0033212808736274206,0.0014672865329633151,0.003410855273597561,0.0014283753432383054,0.0034699584292352246
49,Both,0.0025167641311284847,0.0018254120211969318,0.0033765652279212277,0.0018254120211969318,0.0033765652279212277,0.001706822087297038,0.003515533911389325,0.0016435822892438454,0.003618161242553596,0.0015758787191852155,0.003670249735713843
50,Both,0.0027177327744847854,0.0019800383240234217,0.0035942176274669007,0.0019800383240234217,0.0035942176274669007,0.0018578646236566633,0.003766942249986024,0.0017530395761558104,0.003854363580859912,0.0016839517339366265,0.003912969477443026
51,Both,0.0029228579674850244,0.0021830830816672916,0.003796691623904242,0.0021830830816672916,0.003796691623904242,0.0020768200269452464,0.003970360113257437,0.001996086823959451,0.004051595665301989,0.0019486332875927495,0.0041200671083145785
52,Both,0.0031286138400197453,0.002374947335132825,0.004039572275384525,0.002374947335132825,0.004039572275384525,0.002274347481238237,0.00421293892855961,0.0022147879821089542,0.004308703745099576,0.002175789155606334,0.004374872517303312
53,Both,0.0033359944958315504,0.002539848658786278,0.004301555416737676,0.002539848658786278,0.004301555416737676,0.0024428633333907998,0.004492020509372411,0.0023920047803897247,0.0045918868754173635,0.002359582207556918,0.004673312059413868
54,Both,0.0035452528610581064,0.002680446076203306,0.004600629837631864,0.002680446076203306,0.004600629837631864,0.002592627533524494,0.004810798868719007,0.0025397812662845735,0.004915883421278139,0.0025043556330358496,0.004999851062096119
55,Both,0.0037596361628036215,0.0028160517315951004,0.004927335983555655,0.0028160517315951004,0.004927335983555655,0.002716346455956261,0.005147513055011324,0.002661257112892177,0.0052712843014878245,0.002620371284420562,0.005343850587105714
56,Both,0.0040998840114532895,0.0031389127775014523,0.0052632459783129625,0.0031389127775014523,0.0052632459783129625,0.0030296430692934345,0.005475469787600202,0.0029792113734435815,0.005588414687546704,0.0029427183512284465,0.005666366522698993
57,Both,0.004444841436423564,0.0034304423039591947,0.005659597850298329,0.0034304423039591947,0.005659597850298329,0.003314364190328528,0.005874164315668774,0.003247930321721322,0.005998323408574717,0.0032091408384409214,0.006099386534123836
58,Both,0.004771595137485358,0.0036758401595008224,0.00605998027753572,0.0036758401595008224,0.00605998027753572,0.0035523217712392606,0.006311238056077204,0.0034818260903325734,0.006446602800253189,0.0034396337597421447,0.006525795727185768
59,Both,0.005077069206699273,0.003878418786180351,0.006491946281981063,0.003878418786180351,0.006491946281981063,0.0037385795227865134,0.006737919054877681,0.003668040652940584,0.0068886274721128475,0.003622153003793238,0.006977983928146843
60,Both,0.005379799263077533,0.004066784316520904,0.0069334515390990555,0.004066784316520904,0.0069334515390990555,0.003912329692208329,0.007204407590094193,0.0038294840547138053,0.0073490869138916415,0.003769966238210975,0.0074738936550896645
61,Both,0.005953564100638225,0.00462892276520915,0.0075008751130563635,0.00462892276520915,0.0075008751130563635,0.004469429948856124,0.007779324717191768,0.004377911217757918,0.00794793479340458,0.004315588118201198,0.008038197727055654
62,Both,0.006548579394016229,0.005140728879778005,0.008207234549859874,0.005140728879778005,0.008207234549859874,0.0049558055678583955,0.008468003257206301,0.004865650441319353,0.008653611388011883,0.004801691616274041,0.00874612704983878
63,Both,0.007173716677201003,0.005638287784882462,0.008991201081562658,0.005638287784882462,0.008991201081562658,0.0054271316158826174,0.009292654187756667,0.005321879254223255,0.009461104776881463,0.005263142449217987,0.00958413972324289
64,Both,0.007835420666371277,0.006120461170089911,0.009870198434678002,0.006120461170089911,0.009870198434678002,0.005883592668575224,0.010238321499435587,0.005778816851587396,0.010431282759114386,0.005707068423876158,0.010554408179668906
65,Both,0.008491516654400748,0.006555506198530327,0.010792815153793668,0.006555506198530327,0.010792815153793668,0.006324562151482375,0.01122813526555484,0.006184105709158142,0.011438328375097326,0.006097756181027332,0.01157853556211802
66,Both,0.00954903611009161,0.007550095271472609,0.011847172264419344,0.007550095271472609,0.011847172264419344,0.0072992774706243995,0.012275228827115958,0.007143089363003501,0.012497325777951438,0.0070712504512303286,0.01268191418165061
67,Both,0.010588300043993755,0.008407551534340989,0.013053223470153568,0.008407551534340989,0.013053223470153568,0.008127857786322499,0.013482917361130291,0.00799798339764658,0.013723176278042913,0.007902520141680892,0.013907296304297056
68,Both,0.0115766484304711,0.009163415939070276,0.014343888994537722,0.009163415939070276,0.014343888994537722,0.008851557226630126,0.014808074899260368,0.008669581106507054,0.015055004803022715,0.008578183430912534,0.015216902639151417
69,Both,0.01253241088466718,0.009844235673469193,0.015650128631052303,0.009844235673469193,0.015650128631052303,0.009490693766566081,0.016190252270669635,0.009288261187282454,0.016474320610673682,0.009152825502799392,0.01669089196333102
70,Both,0.013525475291430205,0.01049421154360057,0.017061608361866324,0.01049421154360057,0.017061608361866324,0.010095664764973526,0.017645110062491864,0.009914135701420634,0.018000715438206378,0.00975868362634856,0.018223569066276465
71,Both,0.014995203593948271,0.011959653043799406,0.018557676122179286,0.011959653043799406,0.018557676122179286,0.011539310677445073,0.019168268152893436,0.011311481704505837,0.019487403621600955,0.011157511499890554,0.01970387105366703
72,Both,0.016768624151487232,0.013440231835982334,0.020682785552614758,0.013440231835982334,0.020682785552614758,0.013009438416541537,0.021352682447755917,0.012789834904079159,0.021705548311516037,0.012638824559032837,0.0219681317981948
73,Both,0.01810884478686806,0.014484838875876222,0.022429205999429862,0.014484838875876222,0.022429205999429862,0.014062746234635288,0.023155284936952236,0.013829858954422172,0.02352225402763336,0.013642358502634656,0.023824923825136277
74,Both,0.019785036958511658,0.01568381282113994,0.024713838036936376,0.01568381282113994,0.024713838036936376,0.015206107570957578,0.02559918351474324,0.014892726095620585,0.025979116005037058,0.014699448467920236,0.02633859991204708
75,Both,0.021664272906186763,0.016935513820954092,0.027416124473536675,0.016935513820954092,0.027416124473536675,0.016357492642597317,0.028432984741598985,0.015970783047757005,0.028934509317499416,0.015722193502165856,0.029198444127900413
76,Both,0.024174427964413072,0.019312159682178188,0.0300306398325491,0.019312159682178188,0.0300306398325491,0.018722135580613117,0.03097855084010778,0.01837521434947955,0.03145030982972219,0.018181929991173764,0.03186069605508259
77,Both,0.026562289689722823,0.021318593035754566,0.03284686298191509,0.021318593035754566,0.03284686298191509,0.020636048169763655,0.03386970152489086,0.02030751647360751,0.03446161833099771,0.02009098588513361,0.03485679839333343
78,Both,0.02919418359410387,0.023251439672132168,0.036314359564367814,0.023251439672132168,0.036314359564367814,0.02253039793661033,0.03752518597973745,0.02212074648187546,0.038172550558424126,0.021879630606868032,0.038677090061183736
79,Both,0.031706497475470156,0.024939144759662316,0.03991066434169616,0.024939144759662316,0.03991066434169616,0.024142999421791357,0.041268845884911316,0.023696822483380647,0.041983292850556464,0.023363897197690178,0.042562191165096276
80,Both,0.034154866301091255,0.026533023759133377,0.04337475592608085,0.026533023759133377,0.04337475592608085,0.025634770564219558,0.044917294086838144,0.025005241500666294,0.04590622170192709,0.024684537366660424,0.04651280762030079
81,Both,0.0374261343726965,0.029758261509286264,0.04667149315931321,0.029758261509286264,0.04667149315931321,0.02884808074068789,0.04837699820897596,0.028368448620566165,0.049066704900195095,0.02796616771045695,0.04954596575214026
82,Both,0.040641852971310004,0.032484146646188615,0.05038079101801814,0.032484146646188615,0.05038079101801814,0.03159053447586335,0.0521313224643233,0.03099768679717525,0.05310396292554309,0.030684577577269306,0.0537010355063299
83,Both,0.043672304177823563,0.03470996198730595,0.05444376150321193,0.03470996198730595,0.05444376150321193,0.03365836314344063,0.05628656271921323,0.03309704976106584,0.05737217685249113,0.032699616944292534,0.0580259276124593
84,Both,0.046700337147155456,0.036683855532187774,0.05879744560426422,0.036683855532187774,0.05879744560426422,0.0354370845838673,0.060885115195397056,0.03481773800587783,0.061978700094041474,0.034509744994751915,0.062740834924913
85,Both,0.049614054886021844,0.03841880151837038,0.06318453993688561,0.03841880151837038,0.06318453993688561,0.03706408130549782,0.06561527059111943,0.03632307161726142,0.06676363514964853,0.03581917660122791,0.06767963118180527
86,Both,0.052381476055870145,0.0411869647014456,0.06579483073459103,0.0411869647014456,0.06579483073459103,0.039866161176475436,0.06822684031278425,0.039203047638461,0.06961322957633058,0.038842625158250085,0.07044390502213894
87,Both,0.05515680576986533,0.04353387298621367,0.06931249400484253,0.04353387298621367,0.06931249400484253,0.04221282330045007,0.07183052268673393,0.041480806011319024,0.07322229816201085,0.04104749742391551,0.07407565297329223
88,Both,0.05766455817325627,0.04515702529172522,0.0730246919917392,0.04515702529172522,0.0730246919917392,0.043864253666374836,0.07578502844537983,0.043102171771447206,0.07736306356030243,0.04266952165638864,0.07829885553963684
89,Both,0.060132078930266855,0.04645255520319096,0.07709985047066409,0.04645255520319096,0.07709985047066409,0.04493888138778623,0.08003113548940186,0.044233989170139175,0.0818356832601942,0.043775330104545936,0.08281356567059378
90,Both,0.06264429230600957,0.04761773450397276,0.08158995782242406,0.04761773450397276,0.08158995782242406,0.04589960103167622,0.08469052785692886,0.04501061681848165,0.08634877316144206,0.04458065540359548,0.08755069933802768
91,Both,0.06450332068993894,0.0492358121822097,0.08382443712552787,0.0492358121822097,0.08382443712552787,0.04759936618170352,0.08704415784836063,0.04672589274156323,0.08882917793727532,0.04613057497453457,0.09001479434712993
92,Both,0.06618969888498907,0.05043316798703293,0.0862104841818509,0.05043316798703293,0.0862104841818509,0.0487556438778734,0.08978776572740364,0.04775141457847228,0.09151544772613647,0.047009033089985074,0.09294285489474381
93,Both,0.06785297666378752,0.0513520903150461,0.08919801766687509,0.0513520903150461,0.08919801766687509,0.04935229049722471,0.09296407618316943,0.04827354041538013,0.0949005950487543,0.047545801575450325,0.09637438402762744
94,Both,0.06942283593694887,0.05190882893743411,0.09249424790617328,0.05190882893743411,0.09249424790617328,0.04961516918207626,0.09641589702087908,0.04862055665464847,0.09862605832926542,0.047902054135180436,0.10035113376563441
95,Both,0.0698033485866229,0.051311396643476954,0.09466016824958579,0.051311396643476954,0.09466016824958579,0.0490350843441566,0.09879077922736512,0.047900050252419925,0.10135778041078168,0.04712665884749532,0.10344303767566575
96,Both,0.07172713775680241,0.05264972892398148,0.09711727678585508,0.05264972892398148,0.09711727678585508,0.05030667640080044,0.10164557094747248,0.049136234103696,0.10423598117212912,0.04833140642219576,0.10629244290100914
97,Both,0.07365092692698204,0.053844164932998574,0.10028220826263563,0.053844164932998574,0.10028220826263563,0.05137119071799117,0.1051120312376893,0.050185744451529096,0.10795484840499638,0.049488691271450114,0.10961057116455768
98,Both,0.07557471609716167,0.054807397709750245,0.10379367288874815,0.054807397709750245,0.10379367288874815,0.052198521556669805,0.10906243567713356,0.05109763844441841,0.11194058135097255,0.050304788382614124,0.11409034936399574
99,Both,0.07749850526734135,0.0555319332212349,0.1080601003034373,0.0555319332212349,0.1080601003034373,0.053045544437568,0.11310607799037092,0.05180933472373246,0.11649608253699527,0.051057009861126025,0.11912980187124661
100,Both,0.0794222944375217,0.05629740352030106,0.11252094089875946,0.05629740352030106,0.11252094089875946,0.05373962341879988,0.1178543362627204,0.052490776628127095,0.12126534311432491,0.05172914391224198,0.12379708623014961
0,Male,0.0,0.0,0.0,0.0,0.0,0.0,0.0,0.0,0.0,0.0,0.0
1,Male,0.0,0.0,0.0,0.0,0.0,0.0,0.0,0.0,0.0,0.0,0.0
2,Male,0.0,0.0,0.0,0.0,0.0,0.0,0.0,0.0,0.0,0.0,0.0
3,Male,0.0,0.0,0.0,0.0,0.0,0.0,0.0,0.0,0.0,0.0,0.0
4,Male,0.0,0.0,0.0,0.0,0.0,0.0,0.0,0.0,0.0,0.0,0.0
5,Male,0.0,0.0,0.0,0.0,0.0,0.0,0.0,0.0,0.0,0.0,0.0
6,Male,0.0,0.0,0.0,0.0,0.0,0.0,0.0,0.0,0.0,0.0,0.0
7,Male,0.0,0.0,0.0,0.0,0.0,0.0,0.0,0.0,0.0,0.0,0.0
8,Male,0.0,0.0,0.0,0.0,0.0,0.0,0.0,0.0,0.0,0.0,0.0
9,Male,0.0,0.0,0.0,0.0,0.0,0.0,0.0,0.0,0.0,0.0,0.0
10,Male,0.0,0.0,0.0,0.0,0.0,0.0,0.0,0.0,0.0,0.0,0.0
11,Male,0.0,0.0,0.0,0.0,0.0,0.0,0.0,0.0,0.0,0.0,0.0
12,Male,0.0,0.0,0.0,0.0,0.0,0.0,0.0,0.0,0.0,0.0,0.0
13,Male,0.0,0.0,0.0,0.0,0.0,0.0,0.0,0.0,0.0,0.0,0.0
14,Male,0.0,0.0,0.0,0.0,0.0,0.0,0.0,0.0,0.0,0.0,0.0
15,Male,0.0,0.0,0.0,0.0,0.0,0.0,0.0,0.0,0.0,0.0,0.0
16,Male,0.0,0.0,0.0,0.0,0.0,0.0,0.0,0.0,0.0,0.0,0.0
17,Male,0.0,0.0,0.0,0.0,0.0,0.0,0.0,0.0,0.0,0.0,0.0
18,Male,0.0,0.0,0.0,0.0,0.0,0.0,0.0,0.0,0.0,0.0,0.0
19,Male,0.0,0.0,0.0,0.0,0.0,0.0,0.0,0.0,0.0,0.0,0.0
20,Male,0.0,0.0,0.0,0.0,0.0,0.0,0.0,0.0,0.0,0.0,0.0
21,Male,0.0,0.0,0.0,0.0,0.0,0.0,0.0,0.0,0.0,0.0,0.0
22,Male,0.0,0.0,0.0,0.0,0.0,0.0,0.0,0.0,0.0,0.0,0.0
23,Male,0.0,0.0,0.0,0.0,0.0,0.0,0.0,0.0,0.0,0.0,0.0
24,Male,0.0,0.0,0.0,0.0,0.0,0.0,0.0,0.0,0.0,0.0,0.0
25,Male,0.0,0.0,0.0,0.0,0.0,0.0,0.0,0.0,0.0,0.0,0.0
26,Male,0.0,0.0,0.0,0.0,0.0,0.0,0.0,0.0,0.0,0.0,0.0
27,Male,0.0,0.0,0.0,0.0,0.0,0.0,0.0,0.0,0.0,0.0,0.0
28,Male,0.0,0.0,0.0,0.0,0.0,0.0,0.0,0.0,0.0,0.0,0.0
29,Male,0.0,0.0,0.0,0.0,0.0,0.0,0.0,0.0,0.0,0.0,0.0
30,Male,0.0,0.0,0.0,0.0,0.0,0.0,0.0,0.0,0.0,0.0,0.0
31,Male,0.0,0.0,0.0,0.0,0.0,0.0,0.0,0.0,0.0,0.0,0.0
32,Male,0.0,0.0,0.0,0.0,0.0,0.0,0.0,0.0,0.0,0.0,0.0
33,Male,0.0,0.0,0.0,0.0,0.0,0.0,0.0,0.0,0.0,0.0,0.0
34,Male,0.0,0.0,0.0,0.0,0.0,0.0,0.0,0.0,0.0,0.0,0.0
35,Male,0.0,0.0,0.0,0.0,0.0,0.0,0.0,0.0,0.0,0.0,0.0
36,Male,0.0,0.0,0.0,0.0,0.0,0.0,0.0,0.0,0.0,0.0,0.0
37,Male,0.0,0.0,0.0,0.0,0.0,0.0,0.0,0.0,0.0,0.0,0.0
38,Male,0.0,0.0,0.0,0.0,0.0,0.0,0.0,0.0,0.0,0.0,0.0
39,Male,0.0,0.0,0.0,0.0,0.0,0.0,0.0,0.0,0.0,0.0,0.0
40,Male,3.503452019827017e-07,3.2781789800849155e-14,1.709487844752347e-06,3.2781789800849155e-14,1.709487844752347e-06,3.0350624555595245e-15,1.932677429451245e-06,8.486333842087664e-16,2.05244425024019e-06,3.91337231699434e-16,2.1366905647962236e-06
41,Male,0.00036968443817876227,0.0001342916291941979,0.0006074274891101628,0.0001342916291941979,0.0006074274891101628,0.00011706466311455925,0.0006376793480959958,0.00010818449856610235,0.0006554283739671419,0.00010221405033595575,0.0006685593745546075
42,Male,0.0007399913246718361,0.0002681795805990918,0.0012161195390819257,0.0002681795805990918,0.0012161195390819257,0.00023392605457935416,0.0012744193015152504,0.0002167141091309605,0.0013112407033434783,0.0002041241247009125,0.0013374606356991198
43,Male,0.0011112158268520916,0.00040253905154380947,0.0018262343559193963,0.00040253905154380947,0.0018262343559193963,0.0003507538766495488,0.0019120627962204595,0.00032540518921103455,0.001969216395100597,0.0003067188383562377,0.002007458790535356
44,Male,0.001483794934726346,0.0005376710767879906,0.0024358418939056355,0.0005376710767879906,0.0024358418939056355,0.00046865414386725637,0.0025552131243230746,0.0004343258772551145,0.0026262670255493845,0.0004094843541394373,0.0026777640089793893
45,Male,0.0018606779752027818,0.0006742282898073089,0.0030517397690989806,0.0006742282898073089,0.0030517397690989806,0.0005872200390171796,0.003205889388089294,0.0005445021376758192,0.0032926170276089805,0.0005144094678031023,0.0033559384518764735
46,Male,0.0020877757422760874,0.0010857409259527016,0.0031981974246636166,0.0010857409259527016,0.0031981974246636166,0.001017227188815452,0.0033577056099430617,0.0009783705572672184,0.0034559475940786335,0.0009583978852231984,0.003519295648011192
47,Male,0.0023187054233560728,0.0014396717476349724,0.003382550155485939,0.0014396717476349724,0.003382550155485939,0.0013632782396962556,0.003539146418386069,0.0013239346603786274,0.0036352211290981403,0.0012979240092456015,0.0037039328195720457
48,Male,0.0025496129264305097,0.0017333132360355396,0.003583563557391108,0.0017333132360355396,0.003583563557391108,0.0016401221443058378,0.003757464002251153,0.0015866609093235244,0.003838536888465586,0.0015421654343928067,0.003911468537276624
49,Male,0.002776573443528449,0.001966186738015837,0.0038070518648103293,0.001966186738015837,0.0038070518648103293,0.001845289742267605,0.003975150980997178,0.0017688141285382435,0.004084238350147057,0.001707174864654325,0.004170570937074596
50,Male,0.0030006880933845484,0.0021334590322290496,0.004070172971681786,0.0021334590322290496,0.004070172971681786,0.0019950118909492416,0.004252205615633565,0.0019005651513326377,0.004385568695593749,0.0018230596491744715,0.004463607220407028
51,Male,0.0032284598149095655,0.0023501717367793605,0.004297169341333174,0.0023501717367793605,0.004297169341333174,0.0022309432649556373,0.004507652806245865,0.0021526851562477228,0.0046267544499766,0.002099413054030074,0.0047248618269433605
52,Male,0.00345703216448533,0.002545669447229106,0.004574390887818478,0.002545669447229106,0.004574390887818478,0.0024470493606534843,0.004808303624739754,0.002383070474136221,0.004933812991135349,0.002324842882396808,0.005012782058096779
53,Male,0.0036869569350228616,0.0027244377989854313,0.0048968456612718606,0.0027244377989854313,0.0048968456612718606,0.0026250465481012526,0.005124189709281537,0.0025702592330640616,0.005263267067742794,0.0025208361610108507,0.005362016022937608
54,Male,0.003919115880473437,0.0028890707575078924,0.0052336980381657485,0.0028890707575078924,0.0052336980381657485,0.0027698376203290974,0.005491943289161929,0.002710548570120026,0.005631068124998331,0.0026759970126303562,0.0057376675887134175
55,Male,0.004156405670011483,0.003033153024894894,0.005596633694097473,0.003033153024894894,0.005596633694097473,0.0029010348347955264,0.0058842300785413235,0.0028418603474045616,0.006042805653183015,0.002798268996830329,0.006161722820201031
56,Male,0.00453527166521675,0.0033716969148932067,0.0059837362455766535,0.0033716969148932067,0.0059837362455766535,0.0032402147606915535,0.006245289684985881,0.0031742307570629554,0.006404425545549877,0.003129259621863632,0.006511504829963376
57,Male,0.004917040051074772,0.0036803833368628694,0.00641787565865796,0.0036803833368628694,0.00641787565865796,0.0035387121958061645,0.006686345607149644,0.0034599858841352377,0.006853754568627516,0.0034134088277434,0.006945249164599131
58,Male,0.005275787037001377,0.003936460635118812,0.006881562341442014,0.003936460635118812,0.006881562341442014,0.0037869172185010006,0.007156509325474363,0.0037094509804274974,0.00731374113424181,0.0036607312392832056,0.007426741997716869
59,Male,0.005607023284028146,0.004146765571047393,0.007347626263799165,0.004146765571047393,0.007347626263799165,0.003998011446924793,0.007624643699616815,0.003908939110476307,0.007804634936697276,0.003849907173717492,0.007908374750838226
60,Male,0.005935558888007236,0.004348830958284697,0.007835965246058616,0.004348830958284697,0.007835965246058616,0.0041788393226246,0.008139257141788595,0.004080209066962676,0.008333136012183976,0.004005014874946253,0.008452317087666495
61,Male,0.006565435916940325,0.0049294673197058875,0.008487643163828962,0.0049294673197058875,0.008487643163828962,0.004752505212011438,0.008793912822116471,0.004664066475839756,0.008972841215330565,0.004583520888906323,0.009102169472990402
62,Male,0.007224483950145555,0.005479417904679878,0.009280236140316195,0.005479417904679878,0.009280236140316195,0.005281814961393904,0.009603613832282485,0.0051796894328512595,0.009789516611064397,0.00511273982002546,0.00989784023317596
63,Male,0.007921097472427226,0.006009853254369423,0.010196626725286435,0.006009853254369423,0.010196626725286435,0.005788081500581987,0.010558738189506136,0.005693503662921778,0.0107393232228366,0.00563149854634582,0.010876265720858773
64,Male,0.008667094952922772,0.006549762983267169,0.011214714045833477,0.006549762983267169,0.011214714045833477,0.006298395595257702,0.011622553334850641,0.00617913627878216,0.011851935058550275,0.006103858052298042,0.012012888572279976
65,Male,0.009406593609573858,0.007049226776086732,0.012248516634701001,0.007049226776086732,0.012248516634701001,0.006777652921116891,0.0127496072615873,0.006621217040248857,0.012997408592572311,0.00652093820326395,0.01320077543520041
66,Male,0.010584592085761062,0.008117585760214905,0.013543111040256482,0.008117585760214905,0.013543111040256482,0.007808858782798127,0.013997687216726349,0.007652885240374847,0.014296603165313143,0.00755378467736473,0.01449243681616712
67,Male,0.011736491720615635,0.009049359223023194,0.01497588221164426,0.009049359223023194,0.01497588221164426,0.008716432538522514,0.015428220438803897,0.008523189036815487,0.015737075087274954,0.00840375455243803,0.016010027043445892
68,Male,0.012821150777237193,0.0098416242370656,0.016425640527836544,0.0098416242370656,0.016425640527836544,0.009472276407615993,0.01697050106990554,0.009266361629492473,0.01729536040801429,0.009142590631058389,0.01755417982891802
69,Male,0.01386587974460022,0.010567550608631024,0.01786353710480899,0.010567550608631024,0.01786353710480899,0.010161567353049301,0.01854450144029314,0.009955379214419911,0.018909072144628055,0.009802241324356491,0.019215816001624402
70,Male,0.01495861553564198,0.011279962441200326,0.019435566638844697,0.011279962441200326,0.019435566638844697,0.010856942159053678,0.020198617479810204,0.010642521420046886,0.02066658928441619,0.010466909460049507,0.021032103221710653
71,Male,0.016574050683094456,0.012768082284575705,0.021099126526060247,0.012768082284575705,0.021099126526060247,0.012326384892029635,0.02193525730207217,0.012080794107912702,0.022324668577149175,0.011921326835201402,0.022690282798681096
72,Male,0.0185984844660937,0.014414796427993348,0.02364998430488218,0.014414796427993348,0.02364998430488218,0.013904964585076153,0.024506893246962824,0.013628983131214217,0.025061573778435327,0.013416371599896044,0.02535995433787691
73,Male,0.02001002229952259,0.015464255301191518,0.02552115340499869,0.015464255301191518,0.02552115340499869,0.014919800886948572,0.02640999921508249,0.01458701869651457,0.0269658283043257,0.014384352101299486,0.027350522136245187
74,Male,0.0218636333813267,0.0167489638936365,0.02811787247892994,0.0167489638936365,0.02811787247892994,0.01615943541600635,0.02913519913277674,0.015788938566116323,0.02968170355862226,0.015551085207696451,0.030127432710990068
75,Male,0.02395728280861084,0.018097457712286276,0.031177900104960958,0.018097457712286276,0.031177900104960958,0.017439065025314796,0.03230536479664289,0.01701224616000278,0.03292541273835129,0.016769676604441737,0.03345818968616727
76,Male,0.0267063014270184,0.020586610828230153,0.034237596397381255,0.020586610828230153,0.034237596397381255,0.0199117612144412,0.03547851676039892,0.01945882459253061,0.036148914017932625,0.019212846217370256,0.036543884548377974
77,Male,0.029338878440560885,0.02269807788276755,0.03749207729582927,0.02269807788276755,0.03749207729582927,0.02197850556113624,0.038925515242281286,0.02158038863625453,0.03958171726977924,0.021274470407988934,0.040100233598734936
78,Male,0.03228787530687394,0.024836719139430783,0.04150707579073408,0.024836719139430783,0.04150707579073408,0.024018237177793424,0.04309579744894486,0.023523515484196386,0.04393667083928831,0.02316159242588808,0.044418185227869174
79,Male,0.03506484635535764,0.026718686629886447,0.04541542028570659,0.026718686629886447,0.04541542028570659,0.025782937048278037,0.0473065765770187,0.025231099654753664,0.048134060534750236,0.024907538830988944,0.04883288135850691
80,Male,0.037766085566675066,0.02841954148610343,0.049379658966586706,0.02841954148610343,0.049379658966586706,0.027403445896695987,0.05135684126215669,0.026796459938343276,0.05244935546356703,0.026404486302250736,0.053352263552478685
81,Male,0.04137844091101366,0.03174856291003898,0.05317809010319292,0.03174856291003898,0.05317809010319292,0.0306690316759805,0.05520989494539099,0.02996499716966236,0.05633650770137054,0.029590987851564093,0.05708939147576706
82,Male,0.04498665958600296,0.034686084277342974,0.057557804882800795,0.034686084277342974,0.057557804882800795,0.03345675530030108,0.05966141773983496,0.03284820243313724,0.06088598884301624,0.032404420615836774,0.061675618670716435
83,Male,0.04823408018546636,0.03701149280171298,0.06205101725059,0.03701149280171298,0.06205101725059,0.0357932679549046,0.06436150427875598,0.0351060084512594,0.06558998371328177,0.03462365611706989,0.06661058497367053
84,Male,0.05156087552443612,0.039149563312478174,0.06692780870739502,0.039149563312478174,0.06692780870739502,0.037742216740237325,0.06973616000599528,0.03707471416687888,0.07102368592654276,0.036552283802004516,0.07200900742497794
85,Male,0.054710397113362313,0.0409750833787573,0.0718287152595966,0.0409750833787573,0.0718287152595966,0.03950895220306426,0.07475188066245228,0.0386368420529169,0.0761706412247689,0.038106012749344755,0.07726166923992361
86,Male,0.05772625330621234,0.043872172016906526,0.07493190255370799,0.043872172016906526,0.07493190255370799,0.04238519418864112,0.07766917095145216,0.041426563822971725,0.07923510141224953,0.040905426612441294,0.08029433402148407
87,Male,0.06072814194580613,0.04634845370021081,0.07879362301945947,0.04634845370021081,0.07879362301945947,0.044696822200593886,0.08157167871328015,0.04368331365224691,0.08316828843521391,0.04307006515174867,0.08429719245905833
88,Male,0.06341500393493905,0.0481223186485426,0.0827654331494411,0.0481223186485426,0.0827654331494411,0.04630354903980286,0.08588139808780142,0.04520633082147466,0.08770996586692562,0.04461950142700069,0.08891015003517544
89,Male,0.06610117309439528,0.04947579117046711,0.08720193649435865,0.04947579117046711,0.08720193649435865,0.04764205672531429,0.09077227312972334,0.046618332582328774,0.09250424310423326,0.04600165824486616,0.09399764241382919
90,Male,0.06882551107311623,0.050767189525160114,0.09210267913958875,0.050767189525160114,0.09210267913958875,0.0488485068591164,0.09610289796426429,0.047798065922021016,0.09788098421396356,0.04701066107732233,0.09937748220912633
91,Male,0.07082035351629505,0.05233760133498256,0.09460510346936374,0.05233760133498256,0.09460510346936374,0.050282124968618024,0.09875938170703072,0.04919252092982425,0.1007192645835775,0.048557324558353765,0.10205330916565278
92,Male,0.0726090858279252,0.053382353645817754,0.09746402282161692,0.053382353645817754,0.09746402282161692,0.051285009008367785,0.10169493018363747,0.05012126508123974,0.1036501490314028,0.049451210779172465,0.10545322406617551
93,Male,0.07428231082834823,0.05419103028803045,0.10076125892804139,0.05419103028803045,0.10076125892804139,0.051789805366582564,0.10475625525519704,0.05065664506897338,0.10743362163705897,0.04977468419714396,0.10907268126006024
94,Male,0.07594771403587819,0.05472679805791246,0.10435482537262007,0.05472679805791246,0.10435482537262007,0.052195150509049666,0.10889776081459232,0.050880900195632114,0.11131326533947099,0.050003316547567386,0.11348671058459324
95,Male,0.07607989309145707,0.05371592176912515,0.10634220976934045,0.05371592176912515,0.10634220976934045,0.05104563914520619,0.11169697536039119,0.04983196371326554,0.1145917135340136,0.048908496560498727,0.11652484342386989
96,Male,0.07817811096708535,0.05509558875451726,0.10937212147651375,0.05509558875451726,0.10937212147651375,0.052409996894900154,0.11433707496339,0.05116040900332303,0.11766867135582161,0.05039614527451154,0.11983282764841276
97,Male,0.08027632884271318,0.056235125998886845,0.11307010418841693,0.056235125998886845,0.11307010418841693,0.05346447874337947,0.11798731832813562,0.0522982911802641,0.1213587595135682,0.05146246653889088,0.12367524554929038
98,Male,0.08237454671834021,0.05722133044033688,0.11687019699381258,0.05722133044033688,0.11687019699381258,0.05446102695408051,0.12253327838668002,0.0532239376161195,0.12587776226588474,0.0524422831292521,0.12794877556581294
99,Male,0.08447276459396821,0.058042583329619014,0.12128425197491878,0.058042583329619014,0.12128425197491878,0.05539728239405855,0.12767158774024898,0.05404897719659949,0.13090601215951564,0.05311348653906066,0.1334906173464175
100,Male,0.08657098246959483,0.05889385860369363,0.12598025910444446,0.05889385860369363,0.12598025910444446,0.056090895194819176,0.13265295771633404,0.054696615948128725,0.1364896390160474,0.05375091538426566,0.13907640724637046
0,Female,0.0,0.0,0.0,0.0,0.0,0.0,0.0,0.0,0.0,0.0,0.0
1,Female,0.0,0.0,0.0,0.0,0.0,0.0,0.0,0.0,0.0,0.0,0.0
2,Female,0.0,0.0,0.0,0.0,0.0,0.0,0.0,0.0,0.0,0.0,0.0
3,Female,0.0,0.0,0.0,0.0,0.0,0.0,0.0,0.0,0.0,0.0,0.0
4,Female,0.0,0.0,0.0,0.0,0.0,0.0,0.0,0.0,0.0,0.0,0.0
5,Female,0.0,0.0,0.0,0.0,0.0,0.0,0.0,0.0,0.0,0.0,0.0
6,Female,0.0,0.0,0.0,0.0,0.0,0.0,0.0,0.0,0.0,0.0,0.0
7,Female,0.0,0.0,0.0,0.0,0.0,0.0,0.0,0.0,0.0,0.0,0.0
8,Female,0.0,0.0,0.0,0.0,0.0,0.0,0.0,0.0,0.0,0.0,0.0
9,Female,0.0,0.0,0.0,0.0,0.0,0.0,0.0,0.0,0.0,0.0,0.0
10,Female,0.0,0.0,0.0,0.0,0.0,0.0,0.0,0.0,0.0,0.0,0.0
11,Female,0.0,0.0,0.0,0.0,0.0,0.0,0.0,0.0,0.0,0.0,0.0
12,Female,0.0,0.0,0.0,0.0,0.0,0.0,0.0,0.0,0.0,0.0,0.0
13,Female,0.0,0.0,0.0,0.0,0.0,0.0,0.0,0.0,0.0,0.0,0.0
14,Female,0.0,0.0,0.0,0.0,0.0,0.0,0.0,0.0,0.0,0.0,0.0
15,Female,0.0,0.0,0.0,0.0,0.0,0.0,0.0,0.0,0.0,0.0,0.0
16,Female,0.0,0.0,0.0,0.0,0.0,0.0,0.0,0.0,0.0,0.0,0.0
17,Female,0.0,0.0,0.0,0.0,0.0,0.0,0.0,0.0,0.0,0.0,0.0
18,Female,0.0,0.0,0.0,0.0,0.0,0.0,0.0,0.0,0.0,0.0,0.0
19,Female,0.0,0.0,0.0,0.0,0.0,0.0,0.0,0.0,0.0,0.0,0.0
20,Female,0.0,0.0,0.0,0.0,0.0,0.0,0.0,0.0,0.0,0.0,0.0
21,Female,0.0,0.0,0.0,0.0,0.0,0.0,0.0,0.0,0.0,0.0,0.0
22,Female,0.0,0.0,0.0,0.0,0.0,0.0,0.0,0.0,0.0,0.0,0.0
23,Female,0.0,0.0,0.0,0.0,0.0,0.0,0.0,0.0,0.0,0.0,0.0
24,Female,0.0,0.0,0.0,0.0,0.0,0.0,0.0,0.0,0.0,0.0,0.0
25,Female,0.0,0.0,0.0,0.0,0.0,0.0,0.0,0.0,0.0,0.0,0.0
26,Female,0.0,0.0,0.0,0.0,0.0,0.0,0.0,0.0,0.0,0.0,0.0
27,Female,0.0,0.0,0.0,0.0,0.0,0.0,0.0,0.0,0.0,0.0,0.0
28,Female,0.0,0.0,0.0,0.0,0.0,0.0,0.0,0.0,0.0,0.0,0.0
29,Female,0.0,0.0,0.0,0.0,0.0,0.0,0.0,0.0,0.0,0.0,0.0
30,Female,0.0,0.0,0.0,0.0,0.0,0.0,0.0,0.0,0.0,0.0,0.0
31,Female,0.0,0.0,0.0,0.0,0.0,0.0,0.0,0.0,0.0,0.0,0.0
32,Female,0.0,0.0,0.0,0.0,0.0,0.0,0.0,0.0,0.0,0.0,0.0
33,Female,0.0,0.0,0.0,0.0,0.0,0.0,0.0,0.0,0.0,0.0,0.0
34,Female,0.0,0.0,0.0,0.0,0.0,0.0,0.0,0.0,0.0,0.0,0.0
35,Female,0.0,0.0,0.0,0.0,0.0,0.0,0.0,0.0,0.0,0.0,0.0
36,Female,0.0,0.0,0.0,0.0,0.0,0.0,0.0,0.0,0.0,0.0,0.0
37,Female,0.0,0.0,0.0,0.0,0.0,0.0,0.0,0.0,0.0,0.0,0.0
38,Female,0.0,0.0,0.0,0.0,0.0,0.0,0.0,0.0,0.0,0.0,0.0
39,Female,0.0,0.0,0.0,0.0,0.0,0.0,0.0,0.0,0.0,0.0,0.0
40,Female,2.9355404510354087e-07,2.7505389883755146e-14,1.4318644314894674e-06,2.7505389883755146e-14,1.4318644314894674e-06,2.488343761785555e-15,1.6163689878457738e-06,6.844269062464879e-16,1.7301158234048647e-06,3.2844286296301426e-16,1.8078281215305426e-06
41,Female,0.00030983624425996807,0.00010941351386423569,0.000515486653392401,0.00010941351386423569,0.000515486653392401,9.489603329042511e-05,0.0005449055062159037,8.747785353314277e-05,0.0005627967550404877,8.310685284224923e-05,0.0005735562401672822
42,Female,0.0006195160774248608,0.00021839582934305687,0.0010310161647479113,0.00021839582934305687,0.0010310161647479113,0.00018955501062429064,0.0010883110569750358,0.00017498850240338026,0.0011243244685438867,0.00016589413051959425,0.0011448724948638792
43,Female,0.000929307687873851,0.00032733023811904247,0.0015455378781742417,0.00032733023811904247,0.0015455378781742417,0.0002840117590359073,0.0016307257172811377,0.0002622006442447102,0.0016846391254388292,0.000248881703998305,0.0017174710150812543
44,Female,0.0012392167851745588,0.0004364672280136852,0.0020613181838326196,0.0004364672280136852,0.0020613181838326196,0.00037872581921321197,0.002173166535312748,0.00034954985398932527,0.0022454254132750593,0.000331857113704163,0.002287467384137514
45,Female,0.0015512975456152113,0.0005466506579870496,0.0025806627193319305,0.0005466506579870496,0.0025806627193319305,0.00047378839366945527,0.002718059735332371,0.0004373133150896213,0.002808892266600405,0.00041539977877372265,0.0028605166808982957
46,Female,0.0017367332609477812,0.0008829104285012954,0.002698575477611754,0.0008829104285012954,0.002698575477611754,0.0008187722376046899,0.0028488414669561035,0.0007881551750752402,0.0029399290962363886,0.0007661862718419339,0.0029900719434817736
47,Female,0.0019239193704103346,0.001171930194221454,0.0028401380857273678,0.001171930194221454,0.0028401380857273678,0.0011008376260656688,0.0030002734545678867,0.0010699231757363985,0.0030904699253364925,0.0010501761588865633,0.0031429554465851974
48,Female,0.002110291170614657,0.0014104704783052006,0.003001031256608286,0.0014104704783052006,0.003001031256608286,0.0013360728710222,0.0031587168703550257,0.0012887222769475282,0.0032522963828477457,0.0012575256077686974,0.003305291588634472
49,Female,0.002294424168844435,0.001597072419561552,0.0031798506965977805,0.001597072419561552,0.0031798506965977805,0.0014999296649759978,0.0033388661664012827,0.0014482694367568467,0.0034375222743982664,0.0013937757790346865,0.0035058054757191874
50,Female,0.002476020811954845,0.0017427649535338512,0.0033952357589925675,0.0017427649535338512,0.0033952357589925675,0.0016187110335958992,0.0035563221102112037,0.0015469896542321753,0.003654474577869193,0.0014982512769858623,0.0037502154425546694
51,Female,0.0026617730516723566,0.0019096717112548447,0.0035939674312827235,0.0019096717112548447,0.0035939674312827235,0.0018083914344306697,0.0037555881890522485,0.0017437269047167296,0.0038692903146512235,0.0017057400579290015,0.0039537477333326755
52,Female,0.0028477194841807834,0.002071884948015325,0.0038038578807736622,0.002071884948015325,0.0038038578807736622,0.0019726549651022628,0.003994061474510339,0.0019228416574662702,0.004105034909216682,0.0018890105543990995,0.004187081043754936
53,Female,0.0030353693772047765,0.0022186532908488855,0.00405254210918675,0.0022186532908488855,0.00405254210918675,0.0021165255771048654,0.004256876742623973,0.002065629717068897,0.004379954919394311,0.0020310965292207666,0.004467633257933988
54,Female,0.0032247091976899413,0.0023467860444941046,0.004328852437865516,0.0023467860444941046,0.004328852437865516,0.0022431993304425067,0.004546736551602854,0.002187857318750325,0.004676109275353677,0.0021507531050336923,0.004767604966539921
55,Female,0.0034193631003159837,0.0024661204347209992,0.004626704103950979,0.0024661204347209992,0.004626704103950979,0.0023622062265144716,0.004857324954674593,0.002297265933703027,0.005004716386466337,0.0022524069880161925,0.005089366238734534
56,Female,0.00372754109267082,0.0027417555059864275,0.004946791204353024,0.0027417555059864275,0.004946791204353024,0.002627183382855088,0.005204342449671519,0.0025583133671380678,0.005325021850116524,0.002524917324395376,0.005437125555310545
57,Female,0.004041570005393565,0.002995611473077304,0.0053553810670851475,0.002995611473077304,0.0053553810670851475,0.0028642329742326403,0.00559027483325676,0.0027937290780005717,0.005728474701058147,0.0027498081496725732,0.005852738173222768
58,Female,0.004341430923232853,0.0032140032115075923,0.00575252415738577,0.0032140032115075923,0.00575252415738577,0.003071889245304801,0.006002676492627235,0.0029940513005117606,0.0061550914364273904,0.0029511529572718033,0.006286903975421384
59,Female,0.004625815291695396,0.0033959414783051216,0.006157218724641859,0.0033959414783051216,0.006157218724641859,0.0032463404588752836,0.006437102950694114,0.0031641838130650195,0.006604223123519415,0.003116190245332117,0.006720752713311285
60,Female,0.004907463861775784,0.0035621816700709638,0.006586845017481206,0.0035621816700709638,0.006586845017481206,0.0034046858784583614,0.006888769908890227,0.0033262244309342653,0.007051767586999994,0.0032674179917065046,0.0072053665177041525
61,Female,0.005434365247355898,0.00404223252740766,0.007159104300260996,0.00404223252740766,0.007159104300260996,0.0038833765263721265,0.007471796149231487,0.0037832093593591336,0.007644585035217673,0.003732801684449519,0.007759065368582418
62,Female,0.0059755648661677305,0.0044882916476639365,0.007802414566246227,0.0044882916476639365,0.007802414566246227,0.004306516288307938,0.008160728342858862,0.00420045148320899,0.008350546395111274,0.004149343829394303,0.008481396116418368
63,Female,0.006540158740038537,0.004911255867819916,0.008530307036990687,0.004911255867819916,0.008530307036990687,0.004715769482999634,0.008932866656683768,0.004604821359198197,0.009159218897717022,0.004539808168680911,0.009275756006368178
64,Female,0.007130187584509651,0.005316610382098213,0.009361692742104251,0.005316610382098213,0.009361692742104251,0.005101616248811656,0.009811556770304453,0.004991665042761891,0.010040777342784388,0.004909814525058624,0.010174302585790359
65,Female,0.0077151032191586,0.005698489595279537,0.010231238812406642,0.005698489595279537,0.010231238812406642,0.005463344193453984,0.010705155431729516,0.005330145438362562,0.010927564151283516,0.005252437248359027,0.01112662199650172
66,Female,0.008669226322398882,0.006542791512372922,0.011277993161579078,0.006542791512372922,0.011277993161579078,0.006258187531704014,0.011747984665678482,0.006117658559832081,0.01203466599442312,0.00603294410907754,0.01219729458523956
67,Female,0.009611823521358,0.007275969487158667,0.012405997085784753,0.007275969487158667,0.012405997085784753,0.0069883553685539225,0.012909851374632988,0.006839467814585875,0.013237539008023222,0.006722547561022559,0.013425830236835202
68,Female,0.01051643978748512,0.007936283513288525,0.013583857259212484,0.007936283513288525,0.013583857259212484,0.007625778552196546,0.014183699015067983,0.007446901006228964,0.014484497388342192,0.0073579198392481155,0.014702628323118631
69,Female,0.01139465451890891,0.008542077447364287,0.014837480331431403,0.008542077447364287,0.014837480331431403,0.008188805533204455,0.015440127099772674,0.008014342219656048,0.015784251642732828,0.007906402585152853,0.016038601125553754
70,Female,0.012301515404870829,0.009128594366978392,0.016147261501965337,0.009128594366978392,0.016147261501965337,0.008742318061788584,0.016811020152167566,0.008535976674916226,0.017230578462475974,0.008401315911746528,0.017515997872928558
71,Female,0.013649442942001155,0.010384943696434576,0.017649819609285727,0.010384943696434576,0.017649819609285727,0.009973384947050941,0.018346671600972562,0.009755011915772662,0.01879384239080371,0.009597486366299616,0.01907876223488488
72,Female,0.015218259804299363,0.011621425926273412,0.019649569657555287,0.011621425926273412,0.019649569657555287,0.011197543389863632,0.020469499635386062,0.010936859610263158,0.020944131948780084,0.010722857796695998,0.021183051668274326
73,Female,0.016495013651627834,0.012588249663544526,0.021339394977216826,0.012588249663544526,0.021339394977216826,0.012097998224099666,0.022186636091691185,0.011821495951368671,0.02263171014878893,0.011639728229351224,0.022982513030810843
74,Female,0.018016231435873997,0.013641381612479226,0.0234468177717639,0.013641381612479226,0.0234468177717639,0.013068956418254469,0.024398704304161963,0.012747287294708448,0.024936373039108745,0.012573036971187553,0.025311104483984707
75,Female,0.01971221385188411,0.01470595468434832,0.02594152722715547,0.01470595468434832,0.02594152722715547,0.014085039926481857,0.026995510607023536,0.013718730612838407,0.02762878011124986,0.013501215880194333,0.028113760860396804
76,Female,0.022019194268696685,0.016797512231686223,0.028526236720456954,0.016797512231686223,0.028526236720456954,0.016134921109387853,0.029603389200161853,0.015806348831402615,0.03022272838131512,0.015591117033513699,0.03060155925293231
77,Female,0.024202013102044805,0.018511639728756062,0.031246276142628617,0.018511639728756062,0.031246276142628617,0.017856124953113887,0.03242464211760369,0.017424074601590178,0.03305844147005137,0.01721596650342219,0.033476431264286795
78,Female,0.026577012142861157,0.020229292475017986,0.03444350750533647,0.020229292475017986,0.03444350750533647,0.019464915375226686,0.03579263527872617,0.019034223840764256,0.036514842345569835,0.01877004736050217,0.03702695742795692
79,Female,0.02885094832857341,0.021694761173052808,0.03769675316023454,0.021694761173052808,0.03769675316023454,0.020837608525022328,0.0392640078288151,0.020401010537242987,0.0400872953615301,0.020104842420790966,0.040702132718804705
80,Female,0.031080867293953485,0.023093931110139472,0.040961485957120784,0.023093931110139472,0.040961485957120784,0.022118757706676883,0.042642594408892044,0.02163869287623894,0.043657548036602954,0.02131950394895084,0.04422786939517174
81,Female,0.0340572319702599,0.025799542192412792,0.044194423256628,0.025799542192412792,0.044194423256628,0.02490540374981225,0.04600194863517513,0.02440496333401382,0.0469480063566606,0.023997499781741607,0.047522712425019216
82,Female,0.036959361484968256,0.028234321152387394,0.04778403292307962,0.028234321152387394,0.04778403292307962,0.02722707376291957,0.04969226286006897,0.026669831131621927,0.05070067795419671,0.026348669106788243,0.05130021207045511
83,Female,0.03976209233065134,0.030272825958222248,0.05164190506356663,0.030272825958222248,0.05164190506356663,0.029205385115573055,0.05371460842217088,0.02863724256169547,0.054735896458069026,0.0282444962244068,0.055672318607531156
84,Female,0.04252235545967416,0.0320810722359054,0.05554644872181333,0.0320810722359054,0.05554644872181333,0.0309358732764477,0.057959016731030565,0.030347487121887184,0.05921369289805368,0.029845674382887256,0.06014309902392366
85,Female,0.045211838934039406,0.03370978077113385,0.05966714503268571,0.03370978077113385,0.05966714503268571,0.03250182857585326,0.062222707214935766,0.031748640733987775,0.06363343723011884,0.03127293196729542,0.06447873940396513
86,Female,0.04775211554206109,0.03612649512361428,0.062186341451032405,0.03612649512361428,0.062186341451032405,0.034858532202517105,0.06481700209761372,0.03415580821045177,0.06617225083978247,0.033717066010812334,0.06701402988532819
87,Female,0.050296986956762546,0.038036519544849864,0.06545250312692195,0.038036519544849864,0.06545250312692195,0.036666189844126104,0.06814629174409051,0.036028178179746476,0.06958684215737845,0.035585414233919144,0.07047637025771684
88,Female,0.052624115600176685,0.03957517497561898,0.06896406980393247,0.03957517497561898,0.06896406980393247,0.0380501631944972,0.07181504588035086,0.03725333107042441,0.0732107959303748,0.03689379080874167,0.0741991166874081
89,Female,0.05490205970766648,0.04069974243315725,0.07275587768974809,0.04069974243315725,0.07275587768974809,0.039189244886791895,0.07575817717044647,0.038411981474960465,0.07761085009397806,0.03791712368199252,0.07875067401651431
90,Female,0.05723016968522519,0.04180594666601653,0.07673601153567491,0.04180594666601653,0.07673601153567491,0.04014047558969105,0.08020439526037947,0.03933732103799013,0.08237202991865006,0.03876020889407597,0.08353075656196489
91,Female,0.05896581704048033,0.04327954304092649,0.07905419379101006,0.04327954304092649,0.07905419379101006,0.04154774032947169,0.08226882568008716,0.04073273673110615,0.08446626558811854,0.04009830769175391,0.08581910887875431
92,Female,0.0605419737822717,0.04427877649671473,0.08144119381095667,0.04427877649671473,0.08144119381095667,0.04260007902676837,0.08471634162271124,0.04171094338644742,0.08711350818186037,0.041068792602615964,0.08855946509335588
93,Female,0.06216382366825018,0.04521795672468699,0.08429656631290486,0.04521795672468699,0.08429656631290486,0.043410119462587174,0.08770715107917783,0.0424846120016601,0.08969917182459679,0.04198250741278805,0.09175803870292909
94,Female,0.06365627581635284,0.0458470132713283,0.08726251670551931,0.0458470132713283,0.08726251670551931,0.04396966375132718,0.09122584103058977,0.04305071855631768,0.09327338890181995,0.04237414575511109,0.09509166697398097
95,Female,0.06422970113022414,0.0456716914577914,0.08919948219850385,0.0456716914577914,0.08919948219850385,0.04383953407181947,0.0934923567035298,0.042843123893190435,0.09598992347861948,0.04215840156721732,0.09762773019460362
96,Female,0.06599873268013504,0.046963586751920264,0.0918268726256754,0.046963586751920264,0.0918268726256754,0.04495160533756002,0.0962174373600951,0.04415951818235095,0.0989890949125604,0.04334236792443832,0.100750492485616
97,Female,0.06776776423004721,0.048029755403851626,0.0947788844939677,0.048029755403851626,0.0947788844939677,0.04597216816654325,0.09941670822877752,0.044910715070377735,0.10220870233023391,0.0442870255828904,0.10426129107553196
98,Female,0.0695367957799581,0.04892484890464114,0.09828338856895255,0.04892484890464114,0.09828338856895255,0.04666839656642073,0.1031907729178344,0.04558961250392808,0.10638114705260983,0.04495619370900131,0.10833360671458621
99,Female,0.07130582732986916,0.04969730070585652,0.10203607920201221,0.04969730070585652,0.10203607920201221,0.04735721564899286,0.10741694028392518,0.046298465862412,0.11059919866367698,0.04557171813369558,0.11268463087346628
100,Female,0.07307485887978118,0.05038291452415718,0.10605249887791726,0.05038291452415718,0.10605249887791726,0.04800939647576223,0.11180325532446032,0.04685497640119041,0.11521174363064042,0.04606855983770435,0.1173733851102077
