original_row_id,location_name,location_id,stage,stage_id,sex,sex_id,year_id,age_start,age_end,effective_sample_size,value,standard_error,ethnicity,x_sdi,x_tob,Patients with AMD,split_stage,data_type,upper_ci,lower_ci
210,Germany,81,Early,4,Both,3,2013,70,95,1040,0.2644230769230769,0.013675620971473,European ancestry,0.885926953,0.275838772,275.0,Early,p,,
213,Germany,81,Early,4,Both,3,2008,29,79,1841,0.048886474741988,0.0050255505414961,European ancestry,0.872552849,0.29421038,90.0,Early,p,,
217,Spain,92,Early,4,Both,3,2013,55,65,61338,0.014574977990805,0.0004838947843317,European ancestry,0.747651982,0.330467812,894.0,Early,p,,
218,Spain,92,Early,4,Both,3,2013,66,75,37381,0.0355528209518204,0.0009577469966824,European ancestry,0.747651982,0.330467812,1329.0,Early,p,,
219,Spain,92,Early,4,Both,3,2013,76,85,17496,0.0593850022862368,0.0017867959248475,European ancestry,0.747651982,0.330467812,1039.0,Early,p,,
220,Spain,92,Early,4,Both,3,2013,85,95,3362,0.0746579417013682,0.0045330478419211,European ancestry,0.747651982,0.330467812,251.0,Early,p,,
241,Ireland,84,Early,4,Both,3,2013,55,64,1257,0.3070803500397772,0.0130106745434568,European ancestry,0.838644433,0.251642781,386.0,Early,p,,
242,Ireland,84,Early,4,Both,3,2013,65,74,1061,0.3091423185673893,0.0141878253366533,European ancestry,0.838644433,0.251642781,328.0,Early,p,,
243,Ireland,84,Early,4,Both,3,2013,75,84,325,0.2923076923076923,0.0252290373196895,European ancestry,0.838644433,0.251642781,95.0,Early,p,,
244,Ireland,84,Early,4,Both,3,2013,85,99,47,0.1914893617021276,0.0573939699659088,European ancestry,0.838644433,0.251642781,9.0,Early,p,,
262,Germany,81,Early,4,Both,3,2016,50,95,4016,0.1038346613545816,0.0048135822231177,European ancestry,0.890896369,0.268395969,417.0,Early,p,,
0,United States of America,102,Early to intermediate,2,Male,1,1993,48,54,776,0.0257731958762886,0.0056883107500321,European ancestry,0.773103517,0.278045694,12.942433045257562,Early,p,,
1,United States of America,102,Early to intermediate,2,Female,2,1993,48,54,1098,0.0200364298724954,0.0042287690370514,European ancestry,0.773103517,0.241955272,15.396417189383287,Early,p,,
2,United States of America,102,Early to intermediate,2,Male,1,1993,55,59,1106,0.0397830018083182,0.0058770029155115,European ancestry,0.773103517,0.278045694,30.862861705344905,Early,p,,
3,United States of America,102,Early to intermediate,2,Female,2,1993,55,59,1354,0.0310192023633678,0.0047115474167879,European ancestry,0.773103517,0.241955272,31.45772314919616,Early,p,,
4,United States of America,102,Early to intermediate,2,Male,1,1993,60,64,1103,0.0598368087035358,0.007141642023775,European ancestry,0.773103517,0.278045694,46.039747607533926,Early,p,,
5,United States of America,102,Early to intermediate,2,Female,2,1993,60,64,1204,0.0448504983388704,0.0059649398646918,European ancestry,0.773103517,0.241955272,40.256811980204944,Early,p,,
6,United States of America,102,Early to intermediate,2,Male,1,1993,65,72,1191,0.0612930310663308,0.0069504782654444,European ancestry,0.773103517,0.278045694,48.78048662764685,Early,p,,
7,United States of America,102,Early to intermediate,2,Female,2,1993,65,72,1152,0.078125,0.0079068735686791,European ancestry,0.773103517,0.241955272,64.6920824351039,Early,p,,
16,France,80,Early to intermediate,2,Male,1,1995,60,69,475,0.1936842105263158,0.0181322995969021,European ancestry,0.757125789,0.417126208,62.821086810069644,Early,p,,
17,France,80,Early to intermediate,2,Female,2,1995,60,69,611,0.0687397708674304,0.0102357333365532,European ancestry,0.757125789,0.3135961,30.750998104790146,Early,p,,
18,France,80,Early to intermediate,2,Male,1,1995,70,79,321,0.2242990654205607,0.0232813614347513,European ancestry,0.757125789,0.417126208,47.21739586903544,Early,p,,
19,France,80,Early to intermediate,2,Female,2,1995,70,79,464,0.2995689655172414,0.0212653291776744,European ancestry,0.757125789,0.3135961,98.31692209957612,Early,p,,
20,France,80,Early to intermediate,2,Male,1,1995,80,95,91,0.2747252747252747,0.0467928916072879,European ancestry,0.757125789,0.417126208,16.139190914012115,Early,p,,
21,France,80,Early to intermediate,2,Female,2,1995,80,95,127,0.984251968503937,0.0110475104973683,European ancestry,0.757125789,0.3135961,87.20098792666289,Early,p,,
28,United States of America,102,Early to intermediate,2,Both,3,1997,69,74,267,0.1310861423220973,0.0206543305226254,European ancestry,0.783979278,0.257106187,24.00592801648056,Early,p,,
29,United States of America,102,Early to intermediate,2,Both,3,1997,75,79,1032,0.1337209302325581,0.0105947022673602,European ancestry,0.783979278,0.257106187,93.48234284705848,Early,p,,
30,United States of America,102,Early to intermediate,2,Both,3,1997,80,84,466,0.2274678111587982,0.0194189305256087,European ancestry,0.783979278,0.257106187,71.34343804119735,Early,p,,
31,United States of America,102,Early to intermediate,2,Both,3,1997,85,89,191,0.2617801047120419,0.0318085965436783,European ancestry,0.783979278,0.257106187,33.53606741994603,Early,p,,
32,United States of America,102,Early to intermediate,2,Both,3,1997,90,97,42,0.2857142857142857,0.0697071480677523,European ancestry,0.783979278,0.257106187,8.026217735254287,Early,p,,
81,Norway,90,Early to intermediate,2,Both,3,2002,51,60,160,0.33125,0.0372091586088022,European ancestry,0.856757888,0.304748333,37.93843615948289,Early,p,,
82,Norway,90,Early to intermediate,2,Both,3,2002,61,70,162,0.4074074074074074,0.0386042449368183,European ancestry,0.856757888,0.304748333,46.37100028876978,Early,p,,
83,Norway,90,Early to intermediate,2,Both,3,2002,71,80,90,0.5666666666666667,0.0522340412157473,European ancestry,0.856757888,0.304748333,34.64626250371538,Early,p,,
84,Norway,90,Early to intermediate,2,Both,3,2002,81,90,47,0.574468085106383,0.0721190658977913,European ancestry,0.856757888,0.304748333,18.12685263041404,Early,p,,
104,Norway,90,Early to intermediate,2,Female,2,2009,65,69,603,0.5671641791044776,0.0201770345884815,European ancestry,0.876582817,0.187757666,247.2747354974692,Early,p,,
105,Norway,90,Early to intermediate,2,Female,2,2009,70,74,398,0.6206030150753769,0.0243227313058733,European ancestry,0.876582817,0.187757666,175.6912051284727,Early,p,,
106,Norway,90,Early to intermediate,2,Female,2,2009,75,79,288,0.6215277777777778,0.0285792635117907,European ancestry,0.876582817,0.187757666,126.03397315751567,Early,p,,
107,Norway,90,Early to intermediate,2,Female,2,2009,80,87,175,0.6742857142857143,0.0354259380193115,European ancestry,0.876582817,0.187757666,82.49991540489562,Early,p,,
108,Norway,90,Early to intermediate,2,Male,1,2009,65,69,365,0.5178082191780822,0.0261545913793041,European ancestry,0.876582817,0.244414529,127.16432039253723,Early,p,,
109,Norway,90,Early to intermediate,2,Male,1,2009,70,74,365,0.5506849315068493,0.0260363832746085,European ancestry,0.876582817,0.244414529,132.67925768537404,Early,p,,
110,Norway,90,Early to intermediate,2,Male,1,2009,75,79,234,0.6452991452991453,0.0312754619945338,European ancestry,0.876582817,0.244414529,98.5030657355964,Early,p,,
111,Norway,90,Early to intermediate,2,Male,1,2009,80,87,111,0.6306306306306306,0.0458095979499245,European ancestry,0.876582817,0.244414529,45.29943894136065,Early,p,,
120,United Kingdom,95,Early to intermediate,2,Both,3,2005,39,45,245,0.0163265306122449,0.0080963521668617,European ancestry,0.804489194,0.267998468,1.782196560324194,Early,p,,
121,United Kingdom,95,Early to intermediate,2,Both,3,2005,46,52,165,0.0181818181818181,0.0104014100644973,European ancestry,0.804489194,0.267998468,1.9111246000580608,Early,p,,
122,United Kingdom,95,Early to intermediate,2,Both,3,2005,53,59,15,0.0,0.0,European ancestry,0.804489194,0.267998468,0.01,Early,p,,
123,Germany,81,Early to intermediate,2,Both,3,2010,90,92,89,0.3370786516853932,0.050107371709043,European ancestry,0.87794671,0.286391016,20.07585955014525,Early,p,,
124,Germany,81,Early to intermediate,2,Both,3,2010,93,100,66,0.2727272727272727,0.0548202444686842,European ancestry,0.87794671,0.286391016,12.03048802795642,Early,p,,
