original_row_id,location_name,location_id,stage,stage_id,sex_name,sex_id,year_id,age_start,age_end,effective_sample_size,value,standard_error,ethnicity,Patients with AMD,split_stage,x_lpa,x_sdi,x_sev
8,Japan,67,Late-wet,6,Male,1,1998,50,59,155,0.0,0.0,Asian ancestry,0.0,Late-wet,31.97009867492509,0.819016202,46.91428481221066
9,Japan,67,Late-wet,6,Female,2,1998,50,59,285,0.0070175438596491,0.0049447111344245,Asian ancestry,2.0,Late-wet,43.41517567203204,0.819016202,30.504705402988257
10,Japan,67,Late-wet,6,Male,1,1998,60,69,231,0.0173160173160173,0.0085827201967353,Asian ancestry,4.0,Late-wet,31.97009867492509,0.819016202,46.91428481221066
11,Japan,67,Late-wet,6,Female,2,1998,60,69,334,0.0029940119760479,0.0029895265623291,Asian ancestry,1.0,Late-wet,43.41517567203204,0.819016202,30.504705402988257
12,Japan,67,Late-wet,6,Male,1,1998,70,79,180,0.0111111111111111,0.0078129715221218,Asian ancestry,2.0,Late-wet,31.97009867492509,0.819016202,46.91428481221066
13,Japan,67,Late-wet,6,Female,2,1998,70,79,211,0.0,0.0,Asian ancestry,0.0,Late-wet,43.41517567203204,0.819016202,30.504705402988257
14,Japan,67,Late-wet,6,Male,1,1998,80,95,32,0.03125,0.0307578432578586,Asian ancestry,1.0,Late-wet,31.97009867492509,0.819016202,46.91428481221066
15,Japan,67,Late-wet,6,Female,2,1998,80,95,58,0.0,0.0,Asian ancestry,0.0,Late-wet,43.41517567203204,0.819016202,30.504705402988257
64,China,6,Late-wet,6,Both,3,2001,40,44,733,0.0013642564802182,0.0013633255647361,Asian ancestry,1.0,Late-wet,14.31813828565601,0.553680374,44.28757119711542
65,China,6,Late-wet,6,Both,3,2001,45,49,710,0.0,0.0,Asian ancestry,0.0,Late-wet,14.31813828565601,0.553680374,44.28757119711542
66,China,6,Late-wet,6,Both,3,2001,50,54,595,0.0,0.0,Asian ancestry,0.0,Late-wet,14.31813828565601,0.553680374,44.28757119711542
67,China,6,Late-wet,6,Both,3,2001,55,59,576,0.0052083333333333,0.0029991916148188,Asian ancestry,3.0,Late-wet,14.31813828565601,0.553680374,44.28757119711542
68,China,6,Late-wet,6,Both,3,2001,60,64,726,0.0,0.0,Asian ancestry,0.0,Late-wet,14.31813828565601,0.553680374,44.28757119711542
69,China,6,Late-wet,6,Both,3,2001,65,69,554,0.0,0.0,Asian ancestry,0.0,Late-wet,14.31813828565601,0.553680374,44.28757119711542
70,China,6,Late-wet,6,Both,3,2001,70,74,302,0.0,0.0,Asian ancestry,0.0,Late-wet,14.31813828565601,0.553680374,44.28757119711542
71,China,6,Late-wet,6,Both,3,2001,75,95,180,0.0111111111111111,0.0078129715221218,Asian ancestry,2.0,Late-wet,14.31813828565601,0.553680374,44.28757119711542
103,Brazil,135,Late-wet,6,Both,3,2002,60,95,478,0.00836820083682,0.0041665569431626,Asian ancestry,4.0,Late-wet,21.90408330754095,0.552776035,35.87637986963295
155,Republic of Korea,68,Late-wet,6,Both,3,2006,50,92,10551,0.0010425552080371,0.0003141783202807,Asian ancestry,11.0,Late-wet,22.91578855416849,0.82417982,35.15203003888498
185,China,6,Late-wet,6,Male,1,2006,30,39,549,0.0,0.0,Asian ancestry,0.0,Late-wet,11.27346023584938,0.59875817,50.46813324189967
186,China,6,Late-wet,6,Female,2,2006,30,39,671,0.0,0.0,Asian ancestry,0.0,Late-wet,19.86149612415943,0.59875817,32.35682918988798
187,China,6,Late-wet,6,Male,1,2006,40,49,597,0.0,0.0,Asian ancestry,0.0,Late-wet,11.27346023584938,0.59875817,50.46813324189967
188,China,6,Late-wet,6,Female,2,2006,40,49,715,0.0,0.0,Asian ancestry,0.0,Late-wet,19.86149612415943,0.59875817,32.35682918988798
189,China,6,Late-wet,6,Male,1,2006,50,59,1134,0.0008818342151675,0.0008814453136204,Asian ancestry,1.0,Late-wet,11.27346023584938,0.59875817,50.46813324189967
190,China,6,Late-wet,6,Female,2,2006,50,59,1304,0.0,0.0,Asian ancestry,0.0,Late-wet,19.86149612415943,0.59875817,32.35682918988798
191,China,6,Late-wet,6,Male,1,2006,60,69,537,0.0018621973929236,0.0018604626953949,Asian ancestry,1.0,Late-wet,11.27346023584938,0.59875817,50.46813324189967
192,China,6,Late-wet,6,Female,2,2006,60,69,534,0.0,0.0,Asian ancestry,0.0,Late-wet,19.86149612415943,0.59875817,32.35682918988798
193,China,6,Late-wet,6,Male,1,2006,70,95,235,0.0042553191489361,0.0042462556260815,Asian ancestry,1.0,Late-wet,11.27346023584938,0.59875817,50.46813324189967
194,China,6,Late-wet,6,Female,2,2006,70,95,295,0.0033898305084745,0.0033840801557193,Asian ancestry,1.0,Late-wet,19.86149612415943,0.59875817,32.35682918988798
213,United States of America,102,Late-wet,6,Both,3,2001,40,49,19082,0.0016769730636201,0.0002962010828618,Asian ancestry,32.0,Late-wet,20.4337621672936,0.796676793,34.07843179273114
214,United States of America,102,Late-wet,6,Both,3,2001,50,59,15200,0.0046710526315789,0.0005530557397251,Asian ancestry,71.0,Late-wet,20.4337621672936,0.796676793,34.07843179273114
215,United States of America,102,Late-wet,6,Both,3,2001,60,69,7108,0.0070343275182892,0.0009912990739728,Asian ancestry,50.0,Late-wet,20.4337621672936,0.796676793,34.07843179273114
216,United States of America,102,Late-wet,6,Both,3,2001,70,79,2230,0.0170403587443946,0.0027406575851824,Asian ancestry,38.0,Late-wet,20.4337621672936,0.796676793,34.07843179273114
217,United States of America,102,Late-wet,6,Both,3,2001,80,87,483,0.0538302277432712,0.0102689036232682,Asian ancestry,26.0,Late-wet,20.4337621672936,0.796676793,34.07843179273114
262,Republic of Korea,68,Late-wet,6,Male,1,2008,40,49,1847,0.0037899296155928,0.0014297417141926,Asian ancestry,7.0,Late-wet,18.57687207707148,0.833894627,43.15100039246264
263,Republic of Korea,68,Late-wet,6,Male,1,2008,50,59,1668,0.0047961630695443,0.0016916284013618,Asian ancestry,7.999999999999999,Late-wet,18.57687207707148,0.833894627,43.15100039246264
264,Republic of Korea,68,Late-wet,6,Male,1,2008,60,69,1516,0.0131926121372031,0.0029304343246806,Asian ancestry,20.0,Late-wet,18.57687207707148,0.833894627,43.15100039246264
265,Republic of Korea,68,Late-wet,6,Male,1,2008,70,95,1125,0.0142222222222222,0.0035301810614293,Asian ancestry,16.0,Late-wet,18.57687207707148,0.833894627,43.15100039246264
266,Republic of Korea,68,Late-wet,6,Female,2,2008,40,49,2385,0.0,0.0,Asian ancestry,0.0,Late-wet,28.11242241287432,0.833894627,23.729224953019408
267,Republic of Korea,68,Late-wet,6,Female,2,2008,50,59,2295,0.0030501089324618,0.0011510733397723,Asian ancestry,7.0,Late-wet,28.11242241287432,0.833894627,23.729224953019408
268,Republic of Korea,68,Late-wet,6,Female,2,2008,60,69,1908,0.0041928721174004,0.0014792931234469,Asian ancestry,8.0,Late-wet,28.11242241287432,0.833894627,23.729224953019408
269,Republic of Korea,68,Late-wet,6,Female,2,2008,70,95,1608,0.0099502487562189,0.0024751553177442,Asian ancestry,16.0,Late-wet,28.11242241287432,0.833894627,23.729224953019408
322,Thailand,18,Late-wet,6,Both,3,2010,50,99,7043,0.0069572625301718,0.0009904312196657,Asian ancestry,49.0,Late-wet,12.33635621044494,0.62858944,27.62647249175156
324,Republic of Korea,68,Late-wet,6,Male,1,2008,40,44,2071274,0.0004630000666256,1.49475903598e-05,Asian ancestry,959.0,Late-wet,18.57687207707148,0.833894627,43.15100039246264
325,Republic of Korea,68,Late-wet,6,Female,2,2008,40,44,2060714,0.0002800000388214,1.16549221035e-05,Asian ancestry,577.0,Late-wet,28.11242241287432,0.833894627,23.729224953019408
326,Republic of Korea,68,Late-wet,6,Male,1,2008,45,49,2045020,0.0007330001662575,1.89253547686e-05,Asian ancestry,1499.0,Late-wet,18.57687207707148,0.833894627,43.15100039246264
327,Republic of Korea,68,Late-wet,6,Female,2,2008,45,49,2027237,0.0005140000897773,1.59190700194e-05,Asian ancestry,1042.0,Late-wet,28.11242241287432,0.833894627,23.729224953019408
328,Republic of Korea,68,Late-wet,6,Male,1,2008,50,54,1888552,0.0013189999534034,2.64101768987e-05,Asian ancestry,2491.0,Late-wet,18.57687207707148,0.833894627,43.15100039246264
329,Republic of Korea,68,Late-wet,6,Female,2,2008,50,54,1910031,0.0009670000120416,2.24896630552e-05,Asian ancestry,1847.0,Late-wet,28.11242241287432,0.833894627,23.729224953019408
330,Republic of Korea,68,Late-wet,6,Male,1,2008,55,59,1360878,0.00250500044824,4.28498860079e-05,Asian ancestry,3409.0000000000005,Late-wet,18.57687207707148,0.833894627,43.15100039246264
331,Republic of Korea,68,Late-wet,6,Female,2,2008,55,59,1405979,0.0020739996827833,3.83675523912e-05,Asian ancestry,2916.0,Late-wet,28.11242241287432,0.833894627,23.729224953019408
332,Republic of Korea,68,Late-wet,6,Male,1,2008,60,64,1057090,0.0048519993567245,6.75846738757e-05,Asian ancestry,5129.0,Late-wet,18.57687207707148,0.833894627,43.15100039246264
333,Republic of Korea,68,Late-wet,6,Female,2,2008,60,64,1125179,0.0041939993547693,6.09243269544e-05,Asian ancestry,4719.0,Late-wet,28.11242241287432,0.833894627,23.729224953019408
334,Republic of Korea,68,Late-wet,6,Male,1,2008,65,69,833278,0.0090029977990538,0.0001034748449784,Asian ancestry,7501.999999999999,Late-wet,18.57687207707148,0.833894627,43.15100039246264
335,Republic of Korea,68,Late-wet,6,Female,2,2008,65,69,978955,0.0081730008018754,9.09970617711e-05,Asian ancestry,8000.999999999999,Late-wet,28.11242241287432,0.833894627,23.729224953019408
336,Republic of Korea,68,Late-wet,6,Male,1,2008,70,74,672918,0.0122109974766613,0.0001338833563814,Asian ancestry,8217.0,Late-wet,18.57687207707148,0.833894627,43.15100039246264
337,Republic of Korea,68,Late-wet,6,Female,2,2008,70,74,893156,0.010389002593052,0.0001072890806197,Asian ancestry,9279.0,Late-wet,28.11242241287432,0.833894627,23.729224953019408
338,Republic of Korea,68,Late-wet,6,Male,1,2008,75,79,410728,0.0143549989287314,0.0001856028705667,Asian ancestry,5896.0,Late-wet,18.57687207707148,0.833894627,43.15100039246264
339,Republic of Korea,68,Late-wet,6,Female,2,2008,75,79,673643,0.0112760022742016,0.0001286471633036,Asian ancestry,7596.0,Late-wet,28.11242241287432,0.833894627,23.729224953019408
340,Republic of Korea,68,Late-wet,6,Male,1,2008,80,84,186008,0.0158380284718936,0.0002894796493885,Asian ancestry,2946.0,Late-wet,18.57687207707148,0.833894627,43.15100039246264
341,Republic of Korea,68,Late-wet,6,Female,2,2008,80,84,409500,0.0104420024420024,0.0001588493963258,Asian ancestry,4276.0,Late-wet,28.11242241287432,0.833894627,23.729224953019408
342,Republic of Korea,68,Late-wet,6,Male,1,2008,85,89,74120,0.0138559093362115,0.0004293584351661,Asian ancestry,1027.0,Late-wet,18.57687207707148,0.833894627,43.15100039246264
343,Republic of Korea,68,Late-wet,6,Female,2,2008,85,89,197044,0.008323014149124,0.000204665116107,Asian ancestry,1640.0,Late-wet,28.11242241287432,0.833894627,23.729224953019408
344,Republic of Korea,68,Late-wet,6,Male,1,2008,90,94,17770,0.0112549240292628,0.0007913520593537,Asian ancestry,200.0,Late-wet,18.57687207707148,0.833894627,43.15100039246264
345,Republic of Korea,68,Late-wet,6,Female,2,2008,90,94,60559,0.004508000462359,0.0002722209313094,Asian ancestry,273.0,Late-wet,28.11242241287432,0.833894627,23.729224953019408
346,Republic of Korea,68,Late-wet,6,Male,1,2008,95,100,2848,0.0112359550561797,0.0019750647452546,Asian ancestry,32.0,Late-wet,18.57687207707148,0.833894627,43.15100039246264
347,Republic of Korea,68,Late-wet,6,Female,2,2008,95,100,14265,0.0028040658955485,0.0004427397028103,Asian ancestry,40.0,Late-wet,28.11242241287432,0.833894627,23.729224953019408
356,Nepal,164,Late-wet,6,Both,3,2013,60,69,950,0.0073684210526315,0.0027747218777313,Asian ancestry,7.0,Late-wet,10.35161990511118,0.380022326,33.207667631952795
357,Nepal,164,Late-wet,6,Both,3,2013,70,79,697,0.0057388809182209,0.0028611949235036,Asian ancestry,4.0,Late-wet,10.35161990511118,0.380022326,33.207667631952795
358,Nepal,164,Late-wet,6,Both,3,2013,80,95,213,0.0093896713615023,0.00660825541218,Asian ancestry,2.0,Late-wet,10.35161990511118,0.380022326,33.207667631952795
364,India,163,Late-wet,6,Both,3,2009,60,95,4772,0.007753562447611,0.0012697265512206,Asian ancestry,37.0,Late-wet,14.293387866913148,0.457672332,28.71197815737715
385,Japan,67,Late-wet,6,Male,1,2007,50,95,1158,0.0207253886010362,0.0041864827786089,Asian ancestry,24.0,Late-wet,34.00394278855204,0.83829416,39.77823107114854
388,Japan,67,Late-wet,6,Female,2,2007,50,95,1505,0.0053156146179402,0.001874351956081,Asian ancestry,8.0,Late-wet,45.03614464687483,0.83829416,23.18462986558044
421,China,6,Late-wet,6,Both,3,2017,50,95,1202,0.0108153078202995,0.0029833616446951,Asian ancestry,13.000000000000002,Late-wet,19.02720801865242,0.684619661,39.63319644668382
443,China,6,Late-wet,6,Male,1,2017,50,59,1898,0.000526870389884,0.0005267315753935,Asian ancestry,1.0,Late-wet,14.31753661663098,0.684619661,49.96635407061304
444,China,6,Late-wet,6,Male,1,2017,60,69,1211,0.0066061106523534,0.0023278853781792,Asian ancestry,8.0,Late-wet,14.31753661663098,0.684619661,49.96635407061304
445,China,6,Late-wet,6,Male,1,2017,70,97,435,0.0229885057471264,0.0071855593293101,Asian ancestry,10.0,Late-wet,14.31753661663098,0.684619661,49.96635407061304
446,China,6,Late-wet,6,Female,2,2017,50,59,2168,0.0,0.0,Asian ancestry,0.0,Late-wet,23.77438266417515,0.684619661,28.832715354190608
447,China,6,Late-wet,6,Female,2,2017,60,69,1489,0.002686366689053,0.0013413779897529,Asian ancestry,4.0,Late-wet,23.77438266417515,0.684619661,28.832715354190608
448,China,6,Late-wet,6,Female,2,2017,70,97,518,0.0193050193050193,0.0060455694767785,Asian ancestry,10.0,Late-wet,23.77438266417515,0.684619661,28.832715354190608
449,China,6,Late-wet,6,Both,3,2017,50,59,4066,0.0002459419576979,0.0002459117121149,Asian ancestry,1.0,Late-wet,19.02720801865242,0.684619661,39.63319644668382
450,China,6,Late-wet,6,Both,3,2017,60,69,2700,0.004074074074074,0.001225874743543,Asian ancestry,10.999999999999998,Late-wet,19.02720801865242,0.684619661,39.63319644668382
451,China,6,Late-wet,6,Both,3,2017,70,97,953,0.0209863588667366,0.0046431901424679,Asian ancestry,20.0,Late-wet,19.02720801865242,0.684619661,39.63319644668382
458,United States of America,102,Late-wet,6,Both,3,2010,45,54,376,0.0345744680851063,0.0094220026332858,Asian ancestry,13.0,Late-wet,22.22428187762928,0.825884658,28.241484520545068
459,United States of America,102,Late-wet,6,Both,3,2010,55,64,461,0.0672451193058568,0.0116644344431861,Asian ancestry,31.0,Late-wet,22.22428187762928,0.825884658,28.241484520545068
460,United States of America,102,Late-wet,6,Both,3,2010,65,74,304,0.1381578947368421,0.0197908713388539,Asian ancestry,42.00000000000001,Late-wet,22.22428187762928,0.825884658,28.241484520545068
461,United States of America,102,Late-wet,6,Both,3,2010,75,95,249,0.285140562248996,0.0286114689005629,Asian ancestry,71.0,Late-wet,22.22428187762928,0.825884658,28.241484520545068
462,Republic of Korea,68,Late-wet,6,Male,1,2017,40,49,1536,0.0,0.0,Asian ancestry,0.0,Late-wet,23.19783401556728,0.872617764,37.53195561735441
463,Republic of Korea,68,Late-wet,6,Female,2,2017,40,49,2031,0.0,0.0,Asian ancestry,0.0,Late-wet,32.47878719118329,0.872617764,17.41166936028813
464,Republic of Korea,68,Late-wet,6,Male,1,2017,50,59,1609,0.0068365444375388,0.0020542375517484,Asian ancestry,11.0,Late-wet,23.19783401556728,0.872617764,37.53195561735441
465,Republic of Korea,68,Late-wet,6,Female,2,2017,50,59,2170,0.0018433179723502,0.000920809139073,Asian ancestry,4.0,Late-wet,32.47878719118329,0.872617764,17.41166936028813
466,Republic of Korea,68,Late-wet,6,Male,1,2017,60,69,1521,0.0092044707429322,0.0024486506181204,Asian ancestry,14.0,Late-wet,23.19783401556728,0.872617764,37.53195561735441
467,Republic of Korea,68,Late-wet,6,Female,2,2017,60,69,1976,0.006578947368421,0.0018186595839128,Asian ancestry,13.0,Late-wet,32.47878719118329,0.872617764,17.41166936028813
468,Republic of Korea,68,Late-wet,6,Male,1,2017,70,79,1000,0.02,0.0044271887242357,Asian ancestry,20.0,Late-wet,23.19783401556728,0.872617764,37.53195561735441
469,Republic of Korea,68,Late-wet,6,Female,2,2017,70,79,1284,0.0101246105919003,0.0027938103108772,Asian ancestry,13.0,Late-wet,32.47878719118329,0.872617764,17.41166936028813
470,Republic of Korea,68,Late-wet,6,Male,1,2017,80,95,267,0.0561797752808988,0.0140922068045709,Asian ancestry,15.0,Late-wet,23.19783401556728,0.872617764,37.53195561735441
471,Republic of Korea,68,Late-wet,6,Female,2,2017,80,95,343,0.0262390670553935,0.0086308448173284,Asian ancestry,9.0,Late-wet,32.47878719118329,0.872617764,17.41166936028813
484,Russian Federation,62,Late-wet,6,Both,3,2017,85,98,932,0.0697424892703862,0.0083433864264396,Asian ancestry,65.0,Late-wet,14.82683894765299,0.795669484,36.22062290827544
24,India,163,Late,3,Both,3,1996,40,49,1424,0.009129213483146,0.0025204042256952,Asian ancestry,4.105817448533303,Late-wet,13.75329146362457,0.370018644,35.164175693011366
25,India,163,Late,3,Both,3,1996,50,59,1047,0.0133715377268385,0.0035497204788805,Asian ancestry,6.202402773585288,Late-wet,13.75329146362457,0.370018644,35.164175693011366
26,India,163,Late,3,Both,3,1996,60,69,899,0.0344827586206896,0.006085568733159,Asian ancestry,14.351818366481284,Late-wet,13.75329146362457,0.370018644,35.164175693011366
27,India,163,Late,3,Both,3,1996,70,95,353,0.036827195467422,0.0100241850800761,Asian ancestry,5.375358017930969,Late-wet,13.75329146362457,0.370018644,35.164175693011366
28,China,6,Late,3,Both,3,2002,50,59,212,0.0566037735849056,0.0158709100214729,Asian ancestry,5.316345234501675,Late-wet,14.47829262425948,0.560542936,43.50083484766315
29,China,6,Late,3,Both,3,2002,60,69,311,0.135048231511254,0.0193802868880089,Asian ancestry,19.444399077168192,Late-wet,14.47829262425948,0.560542936,43.50083484766315
30,China,6,Late,3,Both,3,2002,70,79,381,0.2020997375328084,0.0205728609564081,Asian ancestry,34.87034869978564,Late-wet,14.47829262425948,0.560542936,43.50083484766315
31,China,6,Late,3,Both,3,2002,80,95,119,0.2352941176470588,0.0388847462961881,Asian ancestry,11.240262330908088,Late-wet,14.47829262425948,0.560542936,43.50083484766315
40,United States of America,102,Late,3,Male,1,2002,45,54,99,0.0,0.0,Asian ancestry,0.01,Late-wet,14.397347186789618,0.800403318,35.72280720992363
41,United States of America,102,Late,3,Female,2,2002,45,54,102,0.0,0.0,Asian ancestry,0.01,Late-wet,25.943561402943587,0.800403318,31.09972484695071
42,United States of America,102,Late,3,Male,1,2002,55,64,97,0.0103092783505154,0.010256000069563,Asian ancestry,0.4870940535530088,Late-wet,14.397347186789618,0.800403318,35.72280720992363
43,United States of America,102,Late,3,Female,2,2002,55,64,103,0.0,0.0,Asian ancestry,0.01,Late-wet,25.943561402943587,0.800403318,31.09972484695071
44,United States of America,102,Late,3,Male,1,2002,65,74,101,0.0099009900990099,0.0098518533684157,Asian ancestry,0.4761267783639633,Late-wet,14.397347186789618,0.800403318,35.72280720992363
45,United States of America,102,Late,3,Female,2,2002,65,74,101,0.0,0.0,Asian ancestry,0.01,Late-wet,25.943561402943587,0.800403318,31.09972484695071
46,United States of America,102,Late,3,Male,1,2002,75,85,50,0.06,0.0335857112474933,Asian ancestry,1.3676067606781488,Late-wet,14.397347186789618,0.800403318,35.72280720992363
47,United States of America,102,Late,3,Female,2,2002,75,85,46,0.0434782608695652,0.0300680032525271,Asian ancestry,0.8292572294456391,Late-wet,25.943561402943587,0.800403318,31.09972484695071
56,China,6,Late,3,Both,3,2001,40,44,733,0.0013642564802182,0.0013633255647361,Asian ancestry,0.2838198436876611,Late-wet,14.31813828565601,0.553680374,44.28757119711542
57,China,6,Late,3,Both,3,2001,45,49,710,0.0,0.0,Asian ancestry,0.01,Late-wet,14.31813828565601,0.553680374,44.28757119711542
58,China,6,Late,3,Both,3,2001,50,54,595,0.0,0.0,Asian ancestry,0.01,Late-wet,14.31813828565601,0.553680374,44.28757119711542
59,China,6,Late,3,Both,3,2001,55,59,576,0.0052083333333333,0.0029991916148188,Asian ancestry,1.3878724361792618,Late-wet,14.31813828565601,0.553680374,44.28757119711542
60,China,6,Late,3,Both,3,2001,60,64,726,0.0013774104683195,0.0013764615116321,Asian ancestry,0.4700897096635053,Late-wet,14.31813828565601,0.553680374,44.28757119711542
61,China,6,Late,3,Both,3,2001,65,69,554,0.0,0.0,Asian ancestry,0.01,Late-wet,14.31813828565601,0.553680374,44.28757119711542
62,China,6,Late,3,Both,3,2001,70,74,302,0.0,0.0,Asian ancestry,0.01,Late-wet,14.31813828565601,0.553680374,44.28757119711542
63,China,6,Late,3,Both,3,2001,75,95,180,0.0111111111111111,0.0078129715221218,Asian ancestry,0.8177111865531943,Late-wet,14.31813828565601,0.553680374,44.28757119711542
83,India,163,Late,3,Both,3,2002,50,59,511,0.0039138943248532,0.0027621199762756,Asian ancestry,0.8860575390836125,Late-wet,14.11609810909598,0.407411414,33.25121624232787
84,India,163,Late,3,Both,3,2002,60,69,352,0.0056818181818181,0.0040062221222852,Asian ancestry,0.9259237655794376,Late-wet,14.11609810909598,0.407411414,33.25121624232787
85,India,163,Late,3,Both,3,2002,70,79,238,0.0462184873949579,0.0136095521968761,Asian ancestry,4.981478385683662,Late-wet,14.11609810909598,0.407411414,33.25121624232787
94,Japan,67,Late,3,Male,1,2000,35,54,259,0.0,0.0,Asian ancestry,0.01,Late-wet,32.48145122222196,0.822938999,45.75982424274079
95,Japan,67,Late,3,Female,2,2000,35,54,329,0.0,0.0,Asian ancestry,0.01,Late-wet,43.805386693687744,0.822938999,29.235370882760108
96,Japan,67,Late,3,Male,1,2000,55,64,143,0.0,0.0,Asian ancestry,0.01,Late-wet,32.48145122222196,0.822938999,45.75982424274079
97,Japan,67,Late,3,Female,2,2000,55,64,205,0.0048780487804878,0.0048661365556726,Asian ancestry,0.4455078582781001,Late-wet,43.805386693687744,0.822938999,29.235370882760108
98,Japan,67,Late,3,Male,1,2000,65,74,211,0.0142180094786729,0.0081502064885705,Asian ancestry,1.42838033509189,Late-wet,32.48145122222196,0.822938999,45.75982424274079
99,Japan,67,Late,3,Female,2,2000,65,74,101,0.0099009900990099,0.0098518533684157,Asian ancestry,0.4344662829343817,Late-wet,43.805386693687744,0.822938999,29.235370882760108
100,Japan,67,Late,3,Male,1,2000,75,95,99,0.0303030303030303,0.0172283407156048,Asian ancestry,1.2847870241795385,Late-wet,32.48145122222196,0.822938999,45.75982424274079
101,Japan,67,Late,3,Female,2,2000,75,95,101,0.0,0.0,Asian ancestry,0.01,Late-wet,43.805386693687744,0.822938999,29.235370882760108
125,Taiwan (Province of China),8,Late,3,Male,1,1999,65,69,246,0.0121951219512195,0.0069977931921585,Asian ancestry,1.4364227406129473,Late-wet,24.67685308601169,0.745338399,47.76344584857674
126,Taiwan (Province of China),8,Late,3,Female,2,1999,65,69,158,0.0063291139240506,0.0063090532906267,Asian ancestry,0.437136286551292,Late-wet,33.25530514837849,0.745338399,32.724432592605
127,Taiwan (Province of China),8,Late,3,Male,1,1999,70,74,260,0.0153846153846153,0.0076329067439512,Asian ancestry,1.89696144568244,Late-wet,24.67685308601169,0.745338399,47.76344584857674
128,Taiwan (Province of China),8,Late,3,Female,2,1999,70,74,128,0.0078125,0.0077819225832564,Asian ancestry,0.4325889962227711,Late-wet,33.25530514837849,0.745338399,32.724432592605
129,Taiwan (Province of China),8,Late,3,Male,1,1999,75,79,101,0.0297029702970297,0.0168924096413367,Asian ancestry,1.4152834877681064,Late-wet,24.67685308601169,0.745338399,47.76344584857674
130,Taiwan (Province of China),8,Late,3,Female,2,1999,75,79,87,0.0114942528735632,0.0114280030256604,Asian ancestry,0.4301237185161773,Late-wet,33.25530514837849,0.745338399,32.724432592605
131,Taiwan (Province of China),8,Late,3,Male,1,1999,80,84,30,0.0666666666666666,0.0455420034042648,Asian ancestry,0.9011447462124182,Late-wet,24.67685308601169,0.745338399,47.76344584857674
132,Taiwan (Province of China),8,Late,3,Female,2,1999,80,84,21,0.0,0.0,Asian ancestry,0.01,Late-wet,33.25530514837849,0.745338399,32.724432592605
133,Taiwan (Province of China),8,Late,3,Male,1,1999,85,95,21,0.1904761904761904,0.0856890867468987,Asian ancestry,1.6459460699875157,Late-wet,24.67685308601169,0.745338399,47.76344584857674
134,Taiwan (Province of China),8,Late,3,Female,2,1999,85,95,6,0.1666666666666666,0.1521451548625461,Asian ancestry,0.3717889008141356,Late-wet,33.25530514837849,0.745338399,32.724432592605
143,Singapore,69,Late,3,Male,1,2004,40,49,379,0.0,0.0,Asian ancestry,0.01,Late-wet,20.39409298727271,0.789852774,28.35132578550017
144,Singapore,69,Late,3,Female,2,2004,40,49,433,0.0,0.0,Asian ancestry,0.01,Late-wet,26.66544072970788,0.789852774,18.218933994272373
145,Singapore,69,Late,3,Male,1,2004,50,59,429,0.0023310023310023,0.0023282839600122,Asian ancestry,0.4626647109457849,Late-wet,20.39409298727271,0.789852774,28.35132578550017
146,Singapore,69,Late,3,Female,2,2004,50,59,525,0.0019047619047619,0.0019029469811437,Asian ancestry,0.4216373704913055,Late-wet,26.66544072970788,0.789852774,18.218933994272373
147,Singapore,69,Late,3,Male,1,2004,60,69,375,0.0053333333333333,0.0037611660918351,Asian ancestry,0.9658367606864662,Late-wet,20.39409298727271,0.789852774,28.35132578550017
148,Singapore,69,Late,3,Female,2,2004,60,69,402,0.0024875621890547,0.0024844662797169,Asian ancestry,0.4412354998490415,Late-wet,26.66544072970788,0.789852774,18.218933994272373
149,Singapore,69,Late,3,Male,1,2004,70,80,387,0.0335917312661498,0.0091588517577898,Asian ancestry,6.143840858046157,Late-wet,20.39409298727271,0.789852774,28.35132578550017
150,Singapore,69,Late,3,Female,2,2004,70,80,335,0.0149253731343283,0.0066248303546016,Asian ancestry,2.15480363184185,Late-wet,26.66544072970788,0.789852774,18.218933994272373
157,Sri Lanka,17,Late,3,Both,3,2006,50,95,1013,0.016781836130306,0.0040358959570474,Asian ancestry,7.131475509362483,Late-wet,7.451016316433471,0.611807083,23.78544481887872
158,India,163,Late,3,Both,3,2005,60,64,1763,0.0068065796937039,0.0019581918000241,Asian ancestry,5.641076515962063,Late-wet,14.3324627927011,0.425913062,31.66797298270027
159,India,163,Late,3,Both,3,2005,65,69,1207,0.0115990057995029,0.0030819340036662,Asian ancestry,6.42375573660069,Late-wet,14.3324627927011,0.425913062,31.66797298270027
160,India,163,Late,3,Both,3,2005,70,74,760,0.0144736842105263,0.0043322834437177,Asian ancestry,4.996896391232038,Late-wet,14.3324627927011,0.425913062,31.66797298270027
161,India,163,Late,3,Both,3,2005,75,79,339,0.0324483775811209,0.00962351476852,Asian ancestry,4.96958732994429,Late-wet,14.3324627927011,0.425913062,31.66797298270027
162,India,163,Late,3,Both,3,2005,80,95,197,0.0253807106598984,0.0112056299723687,Asian ancestry,2.007189701947873,Late-wet,14.3324627927011,0.425913062,31.66797298270027
169,India,163,Late,3,Both,3,2011,30,40,1646,0.0,0.0,Asian ancestry,0.01,Late-wet,14.277594982105809,0.476832909,27.35408073075087
170,India,163,Late,3,Both,3,2011,41,50,1148,0.0,0.0,Asian ancestry,0.01,Late-wet,14.277594982105809,0.476832909,27.35408073075087
171,India,163,Late,3,Both,3,2011,51,60,865,0.0,0.0,Asian ancestry,0.01,Late-wet,14.277594982105809,0.476832909,27.35408073075087
172,India,163,Late,3,Both,3,2011,61,70,702,0.0056980056980056,0.0028408744362923,Asian ancestry,1.8442968468227017,Late-wet,14.277594982105809,0.476832909,27.35408073075087
173,India,163,Late,3,Both,3,2011,71,80,156,0.0192307692307692,0.0109956129787858,Asian ancestry,1.357192225897942,Late-wet,14.277594982105809,0.476832909,27.35408073075087
174,India,163,Late,3,Both,3,2011,81,100,25,0.0,0.0,Asian ancestry,0.01,Late-wet,14.277594982105809,0.476832909,27.35408073075087
209,Thailand,18,Late,3,Both,3,2006,50,59,4887,0.0010231225700838,0.0004573201962263,Asian ancestry,2.215143847709032,Late-wet,11.81743254026047,0.610356678,28.98530766959453
210,Thailand,18,Late,3,Both,3,2006,60,69,3502,0.0022844089091947,0.0008067374744567,Asian ancestry,3.703695062317751,Late-wet,11.81743254026047,0.610356678,28.98530766959453
211,Thailand,18,Late,3,Both,3,2006,70,79,2034,0.0039331366764995,0.0013878364549736,Asian ancestry,3.6228933714063,Late-wet,11.81743254026047,0.610356678,28.98530766959453
212,Thailand,18,Late,3,Both,3,2006,80,95,465,0.0129032258064516,0.005233624244412,Asian ancestry,2.408627642337448,Late-wet,11.81743254026047,0.610356678,28.98530766959453
224,Singapore,69,Late,3,Both,3,2005,40,99,3172,0.0025220680958385,0.0008905605706517,Asian ancestry,3.339070032929114,Late-wet,23.54156314632148,0.796455751,23.082253448996426
252,Japan,67,Late,3,Both,3,2008,50,59,1830,0.0027322404371584,0.0012202246723501,Asian ancestry,2.215143847709032,Late-wet,39.91874210940812,0.840301217,30.284791876787544
253,Japan,67,Late,3,Both,3,2008,60,69,2842,0.0052779732582688,0.0013591657540538,Asian ancestry,6.944428241845783,Late-wet,39.91874210940812,0.840301217,30.284791876787544
254,Japan,67,Late,3,Both,3,2008,70,74,923,0.0097508125677139,0.0032343856466658,Asian ancestry,4.088369774644395,Late-wet,39.91874210940812,0.840301217,30.284791876787544
255,India,163,Late,3,Both,3,2009,45,49,378,0.0,0.0,Asian ancestry,0.01,Late-wet,14.293387866913148,0.457672332,28.71197815737715
256,India,163,Late,3,Both,3,2009,50,54,562,0.0017793594306049,0.0017777756657779,Asian ancestry,0.4178472427606208,Late-wet,14.293387866913148,0.457672332,28.71197815737715
257,India,163,Late,3,Both,3,2009,55,59,846,0.0023640661938534,0.0016696701252902,Asian ancestry,0.9252482907861744,Late-wet,14.293387866913148,0.457672332,28.71197815737715
258,India,163,Late,3,Both,3,2009,60,64,652,0.0,0.0,Asian ancestry,0.01,Late-wet,14.293387866913148,0.457672332,28.71197815737715
259,India,163,Late,3,Both,3,2009,65,69,707,0.0028288543140028,0.0019974707831109,Asian ancestry,0.9176793909429556,Late-wet,14.293387866913148,0.457672332,28.71197815737715
260,India,163,Late,3,Both,3,2009,70,74,224,0.0133928571428571,0.0076804158766004,Asian ancestry,1.362789924881465,Late-wet,14.293387866913148,0.457672332,28.71197815737715
261,India,163,Late,3,Both,3,2009,75,95,180,0.0333333333333333,0.0133795495319914,Asian ancestry,2.453133559659583,Late-wet,14.293387866913148,0.457672332,28.71197815737715
286,Taiwan (Province of China),8,Late,3,Male,1,2010,65,69,103,0.029126213592233,0.0165693239996672,Asian ancestry,1.4364227406129473,Late-wet,25.973208968601508,0.827226752,42.13881925978919
287,Taiwan (Province of China),8,Late,3,Male,1,2010,70,74,96,0.03125,0.017758049084617,Asian ancestry,1.42272108426183,Late-wet,25.973208968601508,0.827226752,42.13881925978919
288,Taiwan (Province of China),8,Late,3,Male,1,2010,75,79,78,0.1025641025641025,0.0343520065157478,Asian ancestry,3.774089300714951,Late-wet,25.973208968601508,0.827226752,42.13881925978919
289,Taiwan (Province of China),8,Late,3,Male,1,2010,80,95,88,0.0909090909090909,0.0306454482937837,Asian ancestry,3.365731087307452,Late-wet,25.973208968601508,0.827226752,42.13881925978919
290,Taiwan (Province of China),8,Late,3,Female,2,2010,65,69,86,0.0465116279069767,0.0227085416714083,Asian ancestry,1.748545146205168,Late-wet,34.34568339124513,0.827226752,24.1809445166813
291,Taiwan (Province of China),8,Late,3,Female,2,2010,70,74,84,0.0357142857142857,0.0202480967683514,Asian ancestry,1.2977669886683134,Late-wet,34.34568339124513,0.827226752,24.1809445166813
292,Taiwan (Province of China),8,Late,3,Female,2,2010,75,79,60,0.15,0.0460977222864644,Asian ancestry,3.871113466645596,Late-wet,34.34568339124513,0.827226752,24.1809445166813
293,Taiwan (Province of China),8,Late,3,Female,2,2010,80,95,78,0.141025641025641,0.0394086756033113,Asian ancestry,4.187121696926209,Late-wet,34.34568339124513,0.827226752,24.1809445166813
302,China,6,Late,3,Male,1,2012,50,59,297,0.0033670033670033,0.0033613302317738,Asian ancestry,0.4626647109457849,Late-wet,12.7951447347516,0.657144292,50.57944299494015
303,China,6,Late,3,Male,1,2012,60,69,321,0.0093457943925233,0.0053705237159402,Asian ancestry,1.448755141029699,Late-wet,12.7951447347516,0.657144292,50.57944299494015
304,China,6,Late,3,Male,1,2012,70,79,159,0.0377358490566037,0.015112129068559,Asian ancestry,2.8370448050891754,Late-wet,12.7951447347516,0.657144292,50.57944299494015
305,China,6,Late,3,Male,1,2012,80,95,100,0.06,0.0237486841740758,Asian ancestry,2.524298315480589,Late-wet,12.7951447347516,0.657144292,50.57944299494015
306,China,6,Late,3,Female,2,2012,50,59,460,0.0021739130434782,0.0021715488089087,Asian ancestry,0.4216373704913055,Late-wet,21.93204370752299,0.657144292,31.7827093422026
307,China,6,Late,3,Female,2,2012,60,69,351,0.0056980056980056,0.0040176031568036,Asian ancestry,0.8824709996980831,Late-wet,21.93204370752299,0.657144292,31.7827093422026
308,China,6,Late,3,Female,2,2012,70,79,196,0.010204081632653,0.0071784677855656,Asian ancestry,0.8623940525474098,Late-wet,21.93204370752299,0.657144292,31.7827093422026
309,China,6,Late,3,Female,2,2012,80,95,121,0.0165289256198347,0.0115907202258012,Asian ancestry,0.7612948539865834,Late-wet,21.93204370752299,0.657144292,31.7827093422026
316,Japan,67,Late,3,Male,1,2010,60,69,74,0.0,0.0,Asian ancestry,0.01,Late-wet,34.610428227183995,0.844361811,36.82829931398472
317,Japan,67,Late,3,Male,1,2010,70,79,182,0.0109890109890109,0.0077275917187664,Asian ancestry,0.9456816016963918,Late-wet,34.610428227183995,0.844361811,36.82829931398472
318,Japan,67,Late,3,Male,1,2010,80,89,32,0.0,0.0,Asian ancestry,0.01,Late-wet,34.610428227183995,0.844361811,36.82829931398472
319,Japan,67,Late,3,Female,2,2010,60,69,61,0.0,0.0,Asian ancestry,0.01,Late-wet,45.39442739891856,0.844361811,20.47164574265571
320,Japan,67,Late,3,Female,2,2010,70,79,100,0.0,0.0,Asian ancestry,0.01,Late-wet,45.39442739891856,0.844361811,20.47164574265571
321,Japan,67,Late,3,Female,2,2010,80,89,31,0.032258064516129,0.0317335081830945,Asian ancestry,0.3925700753593747,Late-wet,45.39442739891856,0.844361811,20.47164574265571
352,India,163,Late,3,Both,3,2009,60,95,4791,0.0194113963681903,0.0019932360083172,Asian ancestry,38.92266788384965,Late-wet,14.293387866913148,0.457672332,28.71197815737715
377,China,6,Late,3,Male,1,2014,50,59,615,0.0048780487804878,0.002809465250331,Asian ancestry,1.3879941328373546,Late-wet,13.31726615644089,0.668640847,50.43202946232834
378,China,6,Late,3,Female,2,2014,50,59,883,0.0045300113250283,0.0022598695886424,Asian ancestry,1.6865494819652225,Late-wet,22.61022529183845,0.668640847,30.99924226742662
379,China,6,Late,3,Male,1,2014,60,69,919,0.0108813928182807,0.0034222259058736,Asian ancestry,4.829183803432331,Late-wet,13.31726615644089,0.668640847,50.43202946232834
380,China,6,Late,3,Female,2,2014,60,69,751,0.0039946737683089,0.0023017148559326,Asian ancestry,1.3237064995471246,Late-wet,22.61022529183845,0.668640847,30.99924226742662
381,China,6,Late,3,Male,1,2014,70,95,864,0.0173611111111111,0.0044435376156595,Asian ancestry,6.4945328979223085,Late-wet,13.31726615644089,0.668640847,50.43202946232834
382,China,6,Late,3,Female,2,2014,70,95,849,0.0082449941107184,0.0031034412646221,Asian ancestry,2.74718315222508,Late-wet,22.61022529183845,0.668640847,30.99924226742662
390,United States of America,102,Late,3,Both,3,2010,50,95,4172,0.0033557046979865,0.0008953437589999,Asian ancestry,5.872979831239692,Late-wet,22.22428187762928,0.825884658,28.241484520545068
399,China,6,Late,3,Both,3,2015,50,59,694,0.0,0.0,Asian ancestry,0.01,Late-wet,18.2466285271056,0.671940111,40.55827307029203
400,China,6,Late,3,Both,3,2015,60,69,697,0.0086083213773314,0.0034991735405452,Asian ancestry,2.777771296738313,Late-wet,18.2466285271056,0.671940111,40.55827307029203
401,China,6,Late,3,Both,3,2015,70,79,585,0.017094017094017,0.0053592019551336,Asian ancestry,4.528616714257876,Late-wet,18.2466285271056,0.671940111,40.55827307029203
402,China,6,Late,3,Both,3,2015,80,95,256,0.0390625,0.0121089812183957,Asian ancestry,4.014379403895746,Late-wet,18.2466285271056,0.671940111,40.55827307029203
403,Japan,67,Late,3,Both,3,2005,50,95,3068,0.0013037809647979,0.0006514653825934,Asian ancestry,1.677994237497055,Late-wet,39.39807813987956,0.834288685,33.22949948790093
412,Japan,67,Late,3,Male,1,2012,35,49,160,0.0,0.0,Asian ancestry,0.01,Late-wet,34.9267763318733,0.849061489,35.10871488903572
413,Japan,67,Late,3,Male,1,2012,50,59,385,0.0,0.0,Asian ancestry,0.01,Late-wet,34.9267763318733,0.849061489,35.10871488903572
414,Japan,67,Late,3,Male,1,2012,60,69,955,0.0010471204188481,0.0010465720446713,Asian ancestry,0.4829183803432331,Late-wet,34.9267763318733,0.849061489,35.10871488903572
415,Japan,67,Late,3,Male,1,2012,70,74,315,0.0031746031746031,0.0031695601163362,Asian ancestry,0.47424036142061,Late-wet,34.9267763318733,0.849061489,35.10871488903572
416,Japan,67,Late,3,Female,2,2012,35,49,150,0.0,0.0,Asian ancestry,0.01,Late-wet,45.57256181827826,0.849061489,18.9433835467472
417,Japan,67,Late,3,Female,2,2012,50,59,409,0.0,0.0,Asian ancestry,0.01,Late-wet,45.57256181827826,0.849061489,18.9433835467472
418,Japan,67,Late,3,Female,2,2012,60,69,1217,0.0,0.0,Asian ancestry,0.01,Late-wet,45.57256181827826,0.849061489,18.9433835467472
419,Japan,67,Late,3,Female,2,2012,70,74,397,0.0,0.0,Asian ancestry,0.01,Late-wet,45.57256181827826,0.849061489,18.9433835467472
427,Iran (Islamic Republic of),142,Late,3,Both,3,2014,50,59,998,0.0050100200400801,0.0022349294302941,Asian ancestry,2.215143847709032,Late-wet,24.60454854847104,0.657961511,24.89451896682763
428,Iran (Islamic Republic of),142,Late,3,Both,3,2014,60,69,787,0.0038119440914866,0.0021966282275746,Asian ancestry,1.3888856483691563,Late-wet,24.60454854847104,0.657961511,24.89451896682763
429,Iran (Islamic Republic of),142,Late,3,Both,3,2014,70,79,378,0.0079365079365079,0.0045639256570261,Asian ancestry,1.3585850142773626,Late-wet,24.60454854847104,0.657961511,24.89451896682763
430,Iran (Islamic Republic of),142,Late,3,Both,3,2014,80,94,112,0.0267857142857142,0.0152562164718184,Asian ancestry,1.2043138211687237,Late-wet,24.60454854847104,0.657961511,24.89451896682763
