index,age_end,age_start,age_weights,area,data_type,effective_sample_size,lower_ci,sex,standard_error,upper_ci,value,x_cv_ascertainment,x_cv_diagnostic_criteria,x_cv_representative,year_end,year_start,correction_value_type,correction_se_type
4,99,60,,DEU,p,93.0,,total,0.0075828322015371605,,0.005376344086021506,1,1,0,1998,1998,val_invalid_corrected,std_invalid_corrected
5,79,75,,DEU,p,171.0,,total,0.005830828865637195,,0.00584795321634,0,0,0,1997,1997,,std_invalid_corrected
6,89,85,,DEU,p,115.0,,total,0.014863561285747676,,0.0260869565215,0,0,0,1997,1997,,std_invalid_corrected
7,74,70,,DEU,p,270.0,,total,0.002616487960331166,,0.001851851851851852,0,0,0,1997,1997,val_invalid_corrected,std_invalid_corrected
8,84,80,,DEU,p,154.0,,total,0.004584142515029778,,0.003246753246753247,0,0,0,1997,1997,val_invalid_corrected,std_invalid_corrected
9,69,65,,DEU,p,272.0,,total,0.002597266793812173,,0.001838235294117647,0,0,0,1997,1997,val_invalid_corrected,std_invalid_corrected
10,99,65,,DEU,p,982.0,,total,0.0007198846652391078,,0.0005091649694501018,1,0,0,1992,1992,val_invalid_corrected,std_invalid_corrected
13,69,55,,AUS,p,467.0,,total,0.003021803037597578,,0.00428265524624,0,0,0,2005,2005,,std_invalid_corrected
14,99,70,,AUS,p,559.0,,total,0.004703280137599799,,0.0125223613595,0,0,0,2005,2005,,std_invalid_corrected
15,99,65,,DEU,p,394.0,0.0,male,0.004379299759559347,0.03,0.00761421319795,0,0,0,1992,1992,,std_invalid_corrected
16,99,30,,SAU,p,22630.0,,total,0.000389594665631668,,0.00344675209898,1,1,0,1989,1989,,std_invalid_corrected
17,99,70,,LBY,p,11937.0,,male,0.0005483469144952873,,0.00360224512021,1,1,0,1985,1985,,std_invalid_corrected
18,99,65,,DEU,p,588.0,0.0,female,0.003389771547851128,0.01,0.00680272108842,0,0,0,1992,1992,,std_invalid_corrected
19,59,20,,DEU,p,2273872.0,,total,8.572144684463473e-06,,0.0001671158271,0,0,0,1993,1981,,std_invalid_corrected
20,97,75,,AUS,p,282.0,,male,0.0049971265859874905,,0.00709219858154,1,1,0,1994,1991,,std_invalid_corrected
21,99,80,,ARG,p,137.0,,male,0.017483582302606417,,0.0437956204376,0,0,0,1991,1991,,std_invalid_corrected
22,99,70,,LBY,p,10173.0,,female,0.0014580941938789835,,0.0221173695075,1,1,0,1985,1985,,std_invalid_corrected
24,69,60,,LBY,p,4100.0,,male,0.0010606798359664605,,0.00463414634146,1,1,0,1985,1985,,std_invalid_corrected
30,84,80,,ESP,p,460.0,0.021,female,0.0037530295151513636,0.057,0.00652173913042,1,1,0,1994,1994,,std_invalid_corrected
31,79,75,,ESP,p,403.0,0.019,male,0.0024783090188386656,0.055,0.00248138957816,1,1,0,1994,1994,,std_invalid_corrected
32,74,70,,ESP,p,621.0,0.01,male,0.002273646391787216,0.032,0.00322061191626,1,1,0,1994,1994,,std_invalid_corrected
33,84,80,,ESP,p,279.0,0.004,male,0.002532160891865129,0.038,0.0017921146953405018,1,1,0,1994,1994,val_invalid_corrected,std_invalid_corrected
34,99,85,,ESP,p,326.0,0.004,female,0.005288536284998255,0.032,0.0092024539877,1,1,0,1994,1994,,std_invalid_corrected
35,74,70,,ESP,p,787.0,0.005,female,0.0021966282275727826,0.021,0.00381194409148,1,1,0,1994,1994,,std_invalid_corrected
36,99,85,,ESP,p,196.0,0.0,male,0.0036030830782225196,0.024,0.002551020408163265,1,1,0,1994,1994,val_invalid_corrected,std_invalid_corrected
37,69,65,,ESP,p,739.0,0.002,male,0.001352264114978583,0.016,0.00135317997293,1,1,0,1994,1994,,std_invalid_corrected
38,79,75,,ESP,p,555.0,0.0,female,0.004736961168232374,0.011,0.0126126126126,1,1,0,1994,1994,,std_invalid_corrected
39,69,65,,ESP,p,912.0,0.0,female,0.001548971533469538,0.003,0.00219298245614,1,1,0,1994,1994,,std_invalid_corrected
40,99,85,,ESP,p,80.0,,female,0.012421629321371752,,0.0124999999998,1,1,0,1999,1999,,std_invalid_corrected
41,97,75,,AUS,p,255.0,,female,0.003913871723799087,,0.00392156862744,1,1,0,1994,1991,,std_invalid_corrected
42,99,80,,BGR,p,229.0,,total,0.004357267270895339,,0.00436681222706,0,0,0,1999,1999,,std_invalid_corrected
43,99,85,,ESP,p,80.0,,female,0.02124080683482195,,0.0374999999995,1,1,0,1996,1996,,std_invalid_corrected
44,84,75,,ESP,p,135.0,,male,0.005228119329434485,,0.003703703703703704,1,1,0,1999,1999,val_invalid_corrected,std_invalid_corrected
45,84,75,,ESP,p,135.0,,male,0.005228119329434485,,0.003703703703703704,1,1,0,1996,1996,val_invalid_corrected,std_invalid_corrected
46,84,75,,ESP,p,258.0,,female,0.0038684501316334895,,0.00387596899223,1,1,0,1999,1999,,std_invalid_corrected
47,84,75,,ESP,p,258.0,,female,0.0038684501316334895,,0.00387596899223,1,1,0,1996,1996,,std_invalid_corrected
48,74,65,,ESP,p,387.0,,female,0.0018259685948932448,,0.0012919896640826874,1,1,0,1996,1996,val_invalid_corrected,std_invalid_corrected
49,74,65,,ESP,p,332.0,,male,0.005987696678348536,,0.012048192771,0,0,0,1999,1999,,std_invalid_corrected
50,74,65,,ESP,p,332.0,,male,0.007884670972774857,,0.0210843373493,1,1,0,1996,1996,,std_invalid_corrected
51,74,65,,ESP,p,387.0,,female,0.0036448437473009993,,0.00516795865632,0,0,0,1999,1999,,std_invalid_corrected
52,99,85,,ESP,p,23.0,,male,0.030407765486097187,,0.021739130434782608,1,1,0,1999,1999,val_invalid_corrected,std_invalid_corrected
53,99,85,,ESP,p,23.0,,male,0.030407765486097187,,0.021739130434782608,1,1,0,1996,1996,val_invalid_corrected,std_invalid_corrected
54,89,80,,ESP,p,1203.0,,male,0.004495843576025987,,0.0249376558603,1,0,0,1995,1987,,std_invalid_corrected
55,69,60,,LBY,p,4515.0,,female,0.00015660412555993592,,0.00011074197120708749,1,1,0,1985,1985,val_invalid_corrected,std_invalid_corrected
56,59,50,,LBY,p,10650.0,,female,0.00028157109168531444,,0.000845070422535,1,1,0,1985,1985,,std_invalid_corrected
57,79,70,,ESP,p,2633.0,,male,0.0003797227818117818,,0.000379794910748,1,0,0,1995,1987,,std_invalid_corrected
58,79,70,,ESP,p,3346.0,,female,0.0009895901338759332,,0.00328750747161,1,0,0,1995,1987,,std_invalid_corrected
59,99,80,,ARG,p,384.0,,total,0.006328848338288926,,0.015625,0,0,0,1991,1991,,std_invalid_corrected
60,89,80,,ESP,p,1777.0,,female,0.002021574844725419,,0.00731570061902,1,0,0,1995,1987,,std_invalid_corrected
61,69,60,,ESP,p,4442.0,,male,0.0008988720258842141,,0.0036019810896,1,0,0,1995,1987,,std_invalid_corrected
62,99,80,,BGR,p,639.0,,total,0.0031200788608688784,,0.00625978090766,0,0,0,1999,1999,,std_invalid_corrected
63,99,90,,ESP,p,244.0,,female,0.008129257437372276,,0.0163934426229,1,0,0,1995,1987,,std_invalid_corrected
64,69,60,,ESP,p,4282.0,,female,0.0011408760282746505,,0.0056048575432,1,0,0,1995,1987,,std_invalid_corrected
65,59,50,,ESP,p,3502.0,,male,0.0006380557190371698,,0.00142775556825,1,0,0,1995,1987,,std_invalid_corrected
66,59,50,,ESP,p,3487.0,,female,0.0008592274091930566,,0.00258101519931,1,0,0,1995,1987,,std_invalid_corrected
67,49,40,,ESP,p,2840.0,,female,0.00024895934265189805,,0.00017605633802816902,1,0,0,1995,1987,val_invalid_corrected,std_invalid_corrected
68,39,30,,ESP,p,14186.0,,female,7.048954979286242e-05,,7.04920344001e-05,1,0,0,1995,1987,,std_invalid_corrected
69,39,0,,ESP,p,15422.0,,male,4.5849780732890475e-05,,3.242121644404098e-05,1,0,0,1995,1987,val_invalid_corrected,std_invalid_corrected
70,49,40,,ESP,p,3225.0,,male,0.0003100294416186629,,0.00031007751938,1,0,0,1995,1987,,std_invalid_corrected
71,99,90,,ESP,p,136.0,,male,0.007325858428155921,,0.00735294117642,1,0,0,1995,1987,,std_invalid_corrected
73,79,75,,BGR,p,545.0,,total,0.004084013120607115,,0.00917431192659,0,0,0,1999,1999,,std_invalid_corrected
74,99,40,,ESP,p,721.0,,male,0.000980390507639337,,0.0006934812760055479,1,0,0,1997,1994,val_invalid_corrected,std_invalid_corrected
75,99,40,,ESP,p,858.0,,female,0.0008238936103926215,,0.0005827505827505828,1,0,0,1997,1994,val_invalid_corrected,std_invalid_corrected
76,89,85,,ESP,p,45.0,,male,0.015625943044243692,,0.011111111111111112,0,0,0,1989,1988,val_invalid_corrected,std_invalid_corrected
77,94,90,,ESP,p,20.0,,female,0.03491060010942235,,0.025,0,0,0,1989,1988,val_invalid_corrected,std_invalid_corrected
78,89,85,,ESP,p,142.0,,male,0.007017413043272657,,0.00704225352108,0,0,0,1989,1988,,std_invalid_corrected
79,79,75,,ESP,p,256.0,,female,0.002759437147328446,,0.001953125,0,0,0,1989,1988,val_invalid_corrected,std_invalid_corrected
80,84,80,,ESP,p,152.0,,male,0.00464436064880062,,0.003289473684210526,0,0,0,1989,1988,val_invalid_corrected,std_invalid_corrected
81,89,85,,ESP,p,90.0,,female,0.011049210288964854,,0.011111111111,0,0,0,1989,1988,,std_invalid_corrected
82,79,75,,ESP,p,150.0,,male,0.01143095213296017,,0.0199999999999,0,0,0,1989,1988,,std_invalid_corrected
83,84,80,,ESP,p,170.0,,female,0.004153330309067435,,0.0029411764705882353,0,0,0,1989,1988,val_invalid_corrected,std_invalid_corrected
84,79,75,,ESP,p,159.0,,female,0.006269499282227607,,0.00628930817606,0,0,0,1989,1988,,std_invalid_corrected
85,84,80,,ESP,p,114.0,,male,0.008733371704566702,,0.00877192982448,0,0,0,1989,1988,,std_invalid_corrected
86,89,85,,ESP,p,137.0,,female,0.007272581610396041,,0.00729927007294,0,0,0,1989,1988,,std_invalid_corrected
87,94,90,,ESP,p,44.0,,female,0.015979037498200434,,0.011363636363636364,0,0,0,1989,1988,val_invalid_corrected,std_invalid_corrected
88,94,90,,ESP,p,45.0,,male,0.015625943044243692,,0.011111111111111112,0,0,0,1989,1988,val_invalid_corrected,std_invalid_corrected
89,74,70,,ESP,p,328.0,,female,0.005256437951955618,,0.00914634146339,0,0,0,1989,1988,,std_invalid_corrected
90,74,70,,ESP,p,71.0,,male,0.009924120698602762,,0.007042253521126761,0,0,0,1989,1988,val_invalid_corrected,std_invalid_corrected
91,79,75,,BGR,p,2465.0,,total,0.002783130421476601,,0.0194726166329,0,0,0,1999,1999,,std_invalid_corrected
92,84,80,,ESP,p,150.0,,female,0.004706181907677194,,0.0033333333333333335,0,0,0,1989,1988,val_invalid_corrected,std_invalid_corrected
93,79,75,,ESP,p,152.0,,male,0.00924262314059423,,0.0131578947368,0,0,0,1989,1988,,std_invalid_corrected
94,74,70,,ESP,p,262.0,,male,0.0026963043464101623,,0.0019083969465648854,0,0,0,1989,1988,val_invalid_corrected,std_invalid_corrected
95,74,70,,ESP,p,75.0,,female,0.009396610894162655,,0.006666666666666667,0,0,0,1989,1988,val_invalid_corrected,std_invalid_corrected
96,89,85,,ESP,p,279.0,,total,0.007116886465720179,,0.0143369175627,0,0,0,1997,1997,,std_invalid_corrected
97,84,80,,ESP,p,302.0,,total,0.0057067100483517135,,0.0099337748344,0,0,0,1997,1997,,std_invalid_corrected
98,89,85,,ESP,p,637.0,,total,0.0022166274749062694,,0.00313971742543,0,0,0,1997,1997,,std_invalid_corrected
99,99,90,,ESP,p,286.0,,total,0.008474334278300195,,0.0209790209789,0,0,0,1997,1997,,std_invalid_corrected
100,79,75,,ESP,p,311.0,,total,0.005542368555762026,,0.00964630225077,0,0,0,1997,1997,,std_invalid_corrected
101,99,90,,ESP,p,89.0,,total,0.011172653397177093,,0.0112359550561,0,0,0,1997,1997,,std_invalid_corrected
102,95,85,,NZL,p,822.0,,female,0.0027119913757619857,,0.00608272506082,0,0,0,2005,2005,,std_invalid_corrected
103,79,75,,ESP,p,618.0,,total,0.003603566382838749,,0.00809061488672,0,0,0,1997,1997,,std_invalid_corrected
104,59,50,,LBY,p,12290.0,,male,0.0004144526497422474,,0.00211554109032,1,1,0,1985,1985,,std_invalid_corrected
105,49,40,,LBY,p,18425.0,,female,0.00013292216438922941,,0.000325644504749,1,1,0,1985,1985,,std_invalid_corrected
106,84,80,,ESP,p,478.0,,total,0.004166556943157656,,0.0083682008368,0,0,0,1997,1997,,std_invalid_corrected
107,74,70,,ESP,p,146.0,,total,0.006825818206534027,,0.00684931506845,0,0,0,1997,1997,,std_invalid_corrected
108,69,65,,ESP,p,868.0,,total,0.002568684778949229,,0.00576036866359,0,0,0,1997,1997,,std_invalid_corrected
109,74,70,,ESP,p,836.0,,total,0.0016896183090830074,,0.0023923444976,0,0,0,1997,1997,,std_invalid_corrected
110,99,80,,ARG,p,247.0,,female,0.008960809719057335,,0.0202429149797,0,0,0,1991,1991,,std_invalid_corrected
112,49,40,,LBY,p,21123.0,,male,0.00010584686424044864,,0.000236708800833,1,1,0,1985,1985,,std_invalid_corrected
116,79,70,,ARG,p,494.0,,male,0.002856979511030371,,0.00404858299594,0,0,0,1991,1991,,std_invalid_corrected
123,79,70,,ARG,p,1216.0,,total,0.001642029454521305,,0.00328947368421,0,0,0,1991,1991,,std_invalid_corrected
128,99,30,,FIN,p,92172.0,,male,0.00016217975350563306,,0.00243023911817,0,0,0,1992,1992,,std_invalid_corrected
129,99,30,,FIN,p,104704.0,,female,0.00019969014113382574,,0.00419277200489,0,0,0,1992,1992,,std_invalid_corrected
130,99,70,,IND,p,220.0,,female,0.0032104672440111453,,0.0022727272727272726,0,0,0,1993,1992,val_invalid_corrected,std_invalid_corrected
131,79,70,,ARG,p,722.0,,female,0.0023939731555116073,,0.00415512465373,0,0,0,1991,1991,,std_invalid_corrected
136,99,85,,GBR,p,301.0,,male,0.005725573788271495,,0.0099667774086,0,0,0,1984,1983,,std_invalid_corrected
137,84,80,,GBR,p,2022.0,,female,0.0008559670753991536,,0.00148367952522,0,0,0,1984,1983,,std_invalid_corrected
138,99,85,,GBR,p,1014.0,,female,0.00447226304087913,,0.0207100591716,0,0,0,1984,1983,,std_invalid_corrected
139,79,75,,GBR,p,1732.0,,male,0.0004082013329981454,,0.0002886836027713626,0,0,0,1984,1983,val_invalid_corrected,std_invalid_corrected
140,84,80,,GBR,p,768.0,,male,0.008111801295182075,,0.0533854166666,0,0,0,1984,1983,,std_invalid_corrected
141,74,70,,GBR,p,2804.0,,male,0.0007967451664584841,,0.00178316690442,0,0,0,1984,1983,,std_invalid_corrected
142,79,75,,GBR,p,3564.0,,female,0.0024812899905407933,,0.0224466891133,0,0,0,1984,1983,,std_invalid_corrected
143,92,85,,NZL,p,281.0,,male,0.008623478645464915,,0.0213523131672,0,0,0,2005,2005,,std_invalid_corrected
144,99,80,,SGP,p,387.0,0.01,male,0.0025806386941503155,0.03,0.00258397932816,0,0,0,2001,2001,,std_invalid_corrected
145,74,70,,GBR,p,4405.0,,female,0.0010621312983918948,,0.0049943246311,0,0,0,1984,1983,,std_invalid_corrected
146,64,60,,GBR,p,3739.0,,male,0.0005346161831945861,,0.00106980476063,0,0,0,1984,1983,,std_invalid_corrected
147,69,65,,GBR,p,3464.0,,male,0.0011520645013599685,,0.00461893764434,0,0,0,1984,1983,,std_invalid_corrected
148,69,65,,GBR,p,4730.0,,female,0.0009666789940770429,,0.00443974630021,0,0,0,1984,1983,,std_invalid_corrected
149,49,45,,GBR,p,4280.0,,male,0.0007001972276821463,,0.00210280373832,0,0,0,1984,1983,,std_invalid_corrected
151,54,50,,GBR,p,4525.0,,male,0.0005842439959196555,,0.00154696132597,0,0,0,1984,1983,,std_invalid_corrected
152,64,60,,GBR,p,4601.0,,female,0.0006513941358347452,,0.00195609650076,0,0,0,1984,1983,,std_invalid_corrected
153,59,55,,GBR,p,5181.0,,female,0.0001929943039713842,,0.000193012931866,0,0,0,1984,1983,,std_invalid_corrected
154,59,55,,GBR,p,4458.0,,male,0.0008076021428166447,,0.00291610587707,0,0,0,1984,1983,,std_invalid_corrected
155,54,50,,GBR,p,5155.0,,female,0.00033589655532791703,,0.000581959262851,0,0,0,1984,1983,,std_invalid_corrected
156,44,40,,GBR,p,3774.0,,male,0.0003746260697773329,,0.000529941706412,0,0,0,1984,1983,,std_invalid_corrected
157,49,45,,GBR,p,4902.0,,female,0.000353227401702748,,0.000611995104039,0,0,0,1984,1983,,std_invalid_corrected
158,44,40,,GBR,p,4226.0,,female,0.00033456670063227145,,0.000473260766682,0,0,0,1984,1983,,std_invalid_corrected
160,99,80,,EST,p,1244.0,0.01216,male,0.0013906439398812505,0.01356,0.0024115755627,0,0,0,1996,1996,,std_invalid_corrected
161,99,30,,GBR,p,151.0,,total,0.004675066912975902,,0.0033112582781456954,0,1,0,1995,1995,val_invalid_corrected,std_invalid_corrected
162,99,80,,GBR,p,1266.0,,male,0.004274834485361567,,0.0236966824644,0,0,0,1997,1997,,std_invalid_corrected
163,79,70,,EST,p,2813.0,0.01175,male,0.0003554291638895925,0.01313,0.000355492356914,0,0,0,1996,1996,,std_invalid_corrected
164,79,70,,EST,p,6356.0,0.01159,female,0.0010516700697067586,0.01296,0.0070799244808,0,0,0,1996,1996,,std_invalid_corrected
165,99,80,,GBR,p,2607.0,,female,0.0018314650100042466,,0.00882240122746,0,0,0,1997,1997,,std_invalid_corrected
166,79,70,,GBR,p,2810.0,,male,0.0029807358451026974,,0.0256227758007,0,0,0,1997,1997,,std_invalid_corrected
167,84,75,,NZL,p,1591.0,,male,0.0027931729071790303,,0.0125707102451,0,0,0,2005,2005,,std_invalid_corrected
169,79,70,,GBR,p,3540.0,,female,0.0014074331500031761,,0.00706214689265,0,0,0,1997,1997,,std_invalid_corrected
170,69,60,,GBR,p,4289.0,,male,0.0007364394990031704,,0.00233154581487,0,0,0,1997,1997,,std_invalid_corrected
171,84,80,,JPN,p,682.0,,male,0.003575793340136152,,0.00879765395893,1,1,0,2000,2000,,std_invalid_corrected
174,69,60,,GBR,p,4184.0,,female,0.0009240044511000643,,0.00358508604206,0,0,0,1997,1997,,std_invalid_corrected
175,59,50,,GBR,p,6207.0,,male,0.0005338625162000525,,0.00177219268568,0,0,0,1997,1997,,std_invalid_corrected
178,59,50,,GBR,p,5714.0,,female,0.0004627459241712571,,0.00122506125306,0,0,0,1997,1997,,std_invalid_corrected
179,49,40,,GBR,p,8696.0,,male,0.00016260935199709925,,0.000229990800368,0,0,0,1997,1997,,std_invalid_corrected
180,39,30,,GBR,p,13333.0,,male,0.00010606071324738579,,0.000150003750094,0,0,0,1997,1997,,std_invalid_corrected
182,99,80,,SGP,p,545.0,0.01,female,0.007007914763455321,0.02,0.0275229357798,0,0,0,2001,2001,,std_invalid_corrected
183,39,30,,GBR,p,11667.0,,female,6.0606122325272066e-05,,4.285591840233136e-05,0,0,0,1997,1997,val_invalid_corrected,std_invalid_corrected
186,49,40,,GBR,p,7971.0,,female,0.00012544690385713262,,0.000125454773554,0,0,0,1997,1997,,std_invalid_corrected
187,29,0,,GBR,p,49324.0,,total,1.4335885110453766e-05,,1.0137052955964642e-05,1,1,0,1997,1997,val_invalid_corrected,std_invalid_corrected
189,99,80,,EST,p,3624.0,0.00985,female,0.0012903303460312565,0.01112,0.0060706401766,0,0,0,1996,1996,,std_invalid_corrected
194,74,70,,BGR,p,887.0,,total,0.001949401653578945,,0.00338218714769,0,0,0,1999,1999,,std_invalid_corrected
197,99,80,,GBR,p,1624.0,,male,0.003172892095741984,,0.0166256157635,1,1,0,1982,1982,,std_invalid_corrected
198,99,80,,GBR,p,3832.0,,female,0.0007819611076486081,,0.00234864300626,1,1,0,1982,1982,,std_invalid_corrected
199,79,70,,GBR,p,5463.0,,male,0.001553491966972674,,0.0133626212704,1,1,0,1982,1982,,std_invalid_corrected
200,79,70,,GBR,p,7781.0,,female,0.0009751106308476297,,0.00745405474875,1,1,0,1982,1982,,std_invalid_corrected
201,69,60,,GBR,p,9155.0,,male,0.0002441788400043553,,0.000546149645003,1,1,0,1982,1982,,std_invalid_corrected
202,69,60,,GBR,p,10000.0,,female,0.00017317909804592468,,0.0003,1,1,0,1982,1982,,std_invalid_corrected
203,59,50,,GBR,p,10870.0,,male,0.0003560542936582302,,0.00137994480221,1,1,0,1982,1982,,std_invalid_corrected
205,59,50,,GBR,p,11111.0,,female,0.0001272690375440087,,0.000180001800018,1,1,0,1982,1982,,std_invalid_corrected
206,84,80,,JPN,p,1759.0,,total,0.0009838392031719944,,0.00170551449687,1,1,0,2000,2000,,std_invalid_corrected
207,50,30,,GBR,p,66667.0,,female,1.0606508910621514e-05,,7.499962500187499e-06,1,1,0,1982,1982,val_invalid_corrected,std_invalid_corrected
208,79,75,,JPN,p,856.0,,male,0.0028515069933419497,,0.00700934579438,0,0,0,1994,1992,,std_invalid_corrected
209,50,30,,GBR,p,66667.0,,male,2.5980047642486536e-05,,4.49997750011e-05,1,1,0,1982,1982,,std_invalid_corrected
210,70,61,,IND,p,450.0,,female,0.005406900026925084,,0.0133333333333,0,0,0,1993,1992,,std_invalid_corrected
211,99,85,,GBR,p,1100.0,,male,0.0038252590843401903,,0.0163636363636,0,0,0,1989,1989,,std_invalid_corrected
212,84,80,,GBR,p,3901.0,,female,0.0019044880857207488,,0.0143552935145,0,0,0,1989,1989,,std_invalid_corrected
213,84,80,,GBR,p,2100.0,,male,0.0031254240614999144,,0.0209523809524,0,0,0,1989,1989,,std_invalid_corrected
214,39,30,,LBY,p,207392.0,,female,6.819003352685204e-06,,9.6435735226e-06,1,1,0,1985,1985,,std_invalid_corrected
215,79,75,,GBR,p,3701.0,,male,0.000763406792258795,,0.0021615779519,0,0,0,1989,1989,,std_invalid_corrected
216,74,70,,BGR,p,4120.0,,total,0.0012799735761553628,,0.00679611650485,0,0,0,1999,1999,,std_invalid_corrected
217,84,75,,NZL,p,2914.0,,female,0.0007666948422207483,,0.00171585449554,0,0,0,2005,2005,,std_invalid_corrected
218,74,70,,GBR,p,5102.0,,male,0.0014841946245193658,,0.0113680909447,0,0,0,1989,1989,,std_invalid_corrected
219,99,85,,GBR,p,3399.0,,female,0.0022586923858897807,,0.017652250662,0,0,0,1989,1989,,std_invalid_corrected
220,74,70,,JPN,p,1263.0,,male,0.0027296958031848046,,0.00950118764845,0,0,0,1994,1992,,std_invalid_corrected
221,79,75,,GBR,p,5297.0,,female,0.0008214223852948284,,0.00358693600151,0,0,0,1989,1989,,std_invalid_corrected
223,74,70,,GBR,p,6198.0,,female,0.001113475892540302,,0.00774443368829,0,0,0,1989,1989,,std_invalid_corrected
224,84,80,,JPN,p,707.0,,female,0.0024446564518166114,,0.004243281471,0,0,0,1994,1992,,std_invalid_corrected
225,69,65,,GBR,p,6295.0,,male,0.0006145140964986102,,0.00238284352661,0,0,0,1989,1989,,std_invalid_corrected
226,69,65,,GBR,p,7394.0,,female,0.0003311462941416624,,0.000811468758453,0,0,0,1989,1989,,std_invalid_corrected
227,84,80,,JPN,p,1077.0,,female,0.001853558518724741,,0.00371402042711,1,1,0,2000,2000,,std_invalid_corrected
228,69,60,,ARG,p,960.0,,male,0.0010411239905873907,,0.00104166666667,0,0,0,1991,1991,,std_invalid_corrected
229,64,60,,GBR,p,6699.0,,male,0.0005963905526138304,,0.00238841618152,0,0,0,1989,1989,,std_invalid_corrected
230,99,40,,ARG,p,3398.0,,male,0.0016569026142856879,,0.00941730429664,0,0,0,1991,1991,,std_invalid_corrected
232,59,55,,GBR,p,6593.0,,male,0.0002626507958246675,,0.000455028060064,0,0,0,1989,1989,,std_invalid_corrected
233,64,60,,GBR,p,7080.0,,female,0.0006907724691820902,,0.00338983050847,0,0,0,1989,1989,,std_invalid_corrected
234,74,70,,JPN,p,1523.0,,female,0.0026125629431435256,,0.0105055810899,0,0,0,1994,1992,,std_invalid_corrected
235,54,50,,GBR,p,8182.0,,male,0.00045691211092988563,,0.00171107308726,0,0,0,1989,1989,,std_invalid_corrected
237,70,61,,IND,p,400.0,,male,0.0017666617531378213,,0.00125,0,0,0,1993,1992,val_invalid_corrected,std_invalid_corrected
238,59,55,,GBR,p,4598.0,,female,0.0003075045579517883,,0.000434971726838,0,0,0,1989,1989,,std_invalid_corrected
239,54,50,,GBR,p,7692.0,,female,0.00018383121363795137,,0.000260010400416,0,0,0,1989,1989,,std_invalid_corrected
240,49,45,,GBR,p,10000.0,,female,0.00017317909804592468,,0.0003,0,0,0,1989,1989,,std_invalid_corrected
241,49,45,,GBR,p,11111.0,,male,0.00022039674958411796,,0.000540005400054,0,0,0,1989,1989,,std_invalid_corrected
242,99,85,,JPN,p,414.0,,male,0.0034077136522068854,,0.00483091787438,1,1,0,2000,2000,,std_invalid_corrected
243,79,70,,JPN,p,2786.0,,female,0.000507432109438292,,0.000717875089734,1,0,0,1985,1985,,std_invalid_corrected
244,44,40,,GBR,p,12500.0,,male,7.999679993599744e-05,,8e-05,0,0,0,1989,1989,,std_invalid_corrected
245,40,30,,GBR,p,100000.0,,female,1.9999599995999918e-05,,4e-05,0,0,0,1989,1989,,std_invalid_corrected
246,44,40,,GBR,p,12500.0,,female,0.0002528809996816685,,0.0008,0,0,0,1989,1989,,std_invalid_corrected
247,40,0,,GBR,p,66667.0,,male,1.0606508910621514e-05,,7.499962500187499e-06,0,0,0,1989,1989,val_invalid_corrected,std_invalid_corrected
249,99,30,,GBR,p,250000.0,,total,5.7803152301583e-05,,0.000836,1,1,0,1984,1984,,std_invalid_corrected
250,39,0,,LBY,p,218140.0,,male,6.483025026603238e-06,,9.16842394792e-06,1,1,0,1985,1985,,std_invalid_corrected
252,99,30,,TUN,p,34874.0,,total,0.0004588763225916309,,0.00739806159316,1,1,0,1990,1985,,std_invalid_corrected
254,99,60,,ISR,p,14646.0,,total,0.0003478418366909541,,0.00177522873139,0,0,0,1998,1998,,std_invalid_corrected
258,99,40,,ARG,p,7765.0,,total,0.0016022233679694649,,0.0203477141017,0,0,0,1991,1991,,std_invalid_corrected
260,59,40,,ISR,p,38458.0,,total,9.373711138713408e-05,,0.000338031098861,0,0,0,1998,1998,,std_invalid_corrected
261,79,75,,JPN,p,1254.0,,male,0.0007971301406656865,,0.000797448165869,1,1,0,2000,2000,,std_invalid_corrected
262,69,60,,ARG,p,2198.0,,total,0.0017560260946162158,,0.00682438580527,0,0,0,1991,1991,,std_invalid_corrected
263,39,30,,ISR,p,23663.0,,total,5.976223624849186e-05,,8.45201369226e-05,0,0,0,1998,1998,,std_invalid_corrected
264,79,75,,JPN,p,1104.0,,female,0.0006403502166977138,,0.0004528985507246377,0,0,0,1994,1992,val_invalid_corrected,std_invalid_corrected
265,69,65,,BGR,p,1116.0,,total,0.0015499294047044095,,0.00268817204301,0,0,0,1999,1999,,std_invalid_corrected
266,99,40,,ISR,p,64185.0,,total,0.0003776402446907551,,0.00923891875049,1,1,1,1994,1989,,std_invalid_corrected
267,89,80,,ITA,p,849.0,,male,0.004521339507889258,,0.0176678445229,1,0,0,1991,1991,,std_invalid_corrected
268,79,70,,ITA,p,2004.0,,male,0.002800153689142978,,0.0159680638722,1,0,0,1991,1991,,std_invalid_corrected
269,89,80,,ITA,p,1927.0,,female,0.0017162143262697696,,0.00570835495589,1,0,0,1991,1991,,std_invalid_corrected
270,79,70,,ITA,p,3145.0,,female,0.0004495274468717983,,0.000635930047695,1,0,0,1991,1991,,std_invalid_corrected
271,69,60,,ITA,p,3710.0,,male,0.0005387928684942048,,0.0010781671159,1,0,0,1991,1991,,std_invalid_corrected
272,69,60,,ITA,p,4617.0,,female,0.00021656740279535255,,0.000216590859866,1,0,0,1991,1991,,std_invalid_corrected
274,59,50,,ITA,p,4200.0,,male,0.0004122457398793331,,0.000714285714286,1,0,0,1991,1991,,std_invalid_corrected
275,59,50,,ITA,p,4476.0,,female,0.0002233888040392067,,0.000223413762288,1,0,0,1991,1991,,std_invalid_corrected
276,49,0,,ITA,p,17946.0,,female,5.572117119411998e-05,,5.57227237267e-05,1,0,0,1991,1991,,std_invalid_corrected
277,49,0,,ITA,p,18672.0,,male,5.355469267234201e-05,,5.35561268209e-05,1,0,0,1991,1991,,std_invalid_corrected
278,74,70,,TUR,p,59.0,,female,0.01193396933995366,,0.00847457627118644,1,0,0,2000,1999,val_invalid_corrected,std_invalid_corrected
279,99,85,,JPN,p,1341.0,,total,0.0024630827136768447,,0.00820283370618,1,1,0,2000,2000,,std_invalid_corrected
280,79,70,,SGP,p,1266.0,0.0,male,0.0032348572557474365,0.01,0.0134281200632,0,0,0,2001,2001,,std_invalid_corrected
283,69,60,,EST,p,9367.0,0.00509,female,0.0008242893748704933,0.00601,0.00640546599765,0,0,0,1996,1996,,std_invalid_corrected
284,99,70,,IND,p,250.0,,male,0.003991991983949948,,0.00399999999998,0,0,0,1993,1992,,std_invalid_corrected
285,74,70,,TUR,p,98.0,,male,0.01015188649932998,,0.0102040816325,1,0,0,2000,1999,,std_invalid_corrected
287,99,85,,JPN,p,1113.0,,female,0.001554101466473174,,0.00269541778975,1,1,0,2000,2000,,std_invalid_corrected
288,99,40,,ARG,p,4367.0,,female,0.0007921545385984284,,0.00274788184108,0,0,0,1991,1991,,std_invalid_corrected
290,69,65,,BGR,p,4421.0,,total,0.0006391917852125457,,0.00180954535173,0,0,0,1999,1999,,std_invalid_corrected
291,79,75,,TUR,p,57.0,,female,0.012350852709900464,,0.008771929824561403,1,0,0,2000,1999,val_invalid_corrected,std_invalid_corrected
292,74,65,,NZL,p,4600.0,,female,0.0011669919548712737,,0.00630434782609,0,0,0,2005,2005,,std_invalid_corrected
296,99,74,,ITA,p,697.0,,male,0.005672628990511606,,0.0229555236729,0,0,0,1987,1987,,std_invalid_corrected
297,99,74,,ITA,p,1287.0,,female,0.004952694050616067,,0.032634032634,0,0,0,1987,1987,,std_invalid_corrected
298,74,70,,ITA,p,702.0,,male,0.005276580507278435,,0.019943019943,0,0,0,1987,1987,,std_invalid_corrected
299,74,70,,ITA,p,969.0,,female,0.0030815640977898237,,0.00928792569658,0,0,0,1987,1987,,std_invalid_corrected
300,59,55,,ITA,p,133.0,,female,0.005306589334952118,,0.0037593984962406013,0,0,0,1987,1987,val_invalid_corrected,std_invalid_corrected
302,69,60,,ARG,p,1238.0,,female,0.0011414141868729174,,0.0016155088853,0,0,0,1991,1991,,std_invalid_corrected
303,69,65,,ITA,p,1152.0,,female,0.0012265498378043803,,0.00173611111111,0,0,0,1987,1987,,std_invalid_corrected
304,79,70,,POL,p,131881.0,,total,0.00015385503258574394,,0.00313161107362,1,1,0,1986,1986,,std_invalid_corrected
305,64,60,,ITA,p,899.0,,male,0.0015713454840894597,,0.00222469410456,0,0,0,1987,1987,,std_invalid_corrected
306,79,70,,SGP,p,1476.0,0.0,female,0.0029341143818782884,0.01,0.0128726287263,0,0,0,2001,2001,,std_invalid_corrected
307,89,80,,JPN,p,1338.0,,female,0.0012930552742315003,,0.00224215246637,1,0,0,1985,1985,,std_invalid_corrected
308,99,60,,BOL,p,497.0,0.0,total,0.004007918412518101,0.01076,0.00804828973841,0,0,0,1994,1994,,std_invalid_corrected
309,64,60,,ITA,p,999.0,,female,0.002232697890393972,,0.005005005005,0,0,0,1987,1987,,std_invalid_corrected
310,74,65,,NZL,p,3171.0,,male,0.0007046056063040984,,0.00157678965626,0,0,0,2005,2005,,std_invalid_corrected
311,99,30,,ITA,p,19630.0,,female,0.0002645225512073535,,0.00137544574631,0,0,0,1987,1987,,std_invalid_corrected
312,79,75,,JPN,p,3013.0,,total,0.0009941971672473334,,0.00298705609027,1,1,0,2000,2000,,std_invalid_corrected
313,99,30,,ITA,p,19630.0,,female,0.00015279226685089618,,0.000458481915436,0,0,0,1987,1987,,std_invalid_corrected
315,69,20,,AUS,p,8500.0,,total,8.318658630852075e-05,,5.882352941176471e-05,0,0,0,1995,1995,val_invalid_corrected,std_invalid_corrected
316,69,65,,ITA,p,927.0,,male,0.004277594164202936,,0.017259978425,0,0,0,1987,1987,,std_invalid_corrected
317,99,30,,ITA,p,18730.0,,male,0.0006848306005185391,,0.00886278697277,0,0,0,1987,1987,,std_invalid_corrected
318,99,30,,ITA,p,18730.0,,male,0.0006724488839543594,,0.00854244527496,0,0,0,1987,1987,,std_invalid_corrected
319,49,45,,ITA,p,1237.0,,female,0.0008080806099900604,,0.000808407437348,0,0,0,1987,1987,,std_invalid_corrected
321,49,45,,ITA,p,1256.0,,male,0.0005628710361464223,,0.0003980891719745223,0,0,0,1987,1987,val_invalid_corrected,std_invalid_corrected
322,99,30,,URY,p,1975.0,,total,0.0027969089409820465,,0.0156962025316,0,0,0,1994,1994,,std_invalid_corrected
323,54,50,,ITA,p,1278.0,,male,0.001105717171923001,,0.00156494522692,0,0,0,1987,1987,,std_invalid_corrected
324,44,40,,ITA,p,1389.0,,male,0.0005089845217365716,,0.0003599712023038157,0,0,0,1987,1987,val_invalid_corrected,std_invalid_corrected
325,44,40,,ITA,p,1370.0,,female,0.0005160421425744946,,0.000364963503649635,0,0,0,1987,1987,val_invalid_corrected,std_invalid_corrected
326,54,50,,ITA,p,1341.0,,female,0.0012901657761194487,,0.00223713646532,0,0,0,1987,1987,,std_invalid_corrected
327,59,55,,ITA,p,1261.0,,male,0.0007927069077335091,,0.000793021411577,0,0,0,1987,1987,,std_invalid_corrected
328,69,60,,EST,p,6267.0,0.0036,male,0.0007802122166696642,0.00438,0.00382958353279,0,0,0,1996,1996,,std_invalid_corrected
329,84,80,,ITA,p,555.0,,male,0.005059401928742017,,0.0144144144144,0,0,0,1989,1988,,std_invalid_corrected
330,69,65,,JPN,p,3101.0,,female,0.0008522294255600509,,0.00225733634311,1,1,0,2000,2000,,std_invalid_corrected
331,84,80,,ITA,p,542.0,,female,0.004494269280496976,,0.0110701107011,0,0,0,1989,1988,,std_invalid_corrected
332,79,75,,ITA,p,571.0,,male,0.006693123875564305,,0.0262697022767,0,0,0,1989,1988,,std_invalid_corrected
333,74,70,,JPN,p,2143.0,,male,0.0025379152731248417,,0.0139990667289,1,1,0,2000,2000,,std_invalid_corrected
334,59,50,,BOL,p,479.0,0.0,total,0.0014754439064389596,0.00892,0.0010438413361169101,0,0,0,1994,1994,val_invalid_corrected,std_invalid_corrected
335,69,60,,JPN,p,4143.0,,female,0.000723326024645086,,0.00217233888487,1,0,0,1985,1985,,std_invalid_corrected
336,79,75,,ITA,p,541.0,,female,0.0018467197007411814,,0.00184842883549,0,0,0,1989,1988,,std_invalid_corrected
337,69,65,,JPN,p,1762.0,,male,0.0017896091632935403,,0.00567536889898,0,0,0,1994,1992,,std_invalid_corrected
338,74,70,,ITA,p,538.0,,female,0.0018570078061451423,,0.00185873605948,0,0,0,1989,1988,,std_invalid_corrected
339,69,60,,SGP,p,2312.0,0.0,male,0.002503424935721077,0.01,0.0147058823529,0,0,0,2001,2001,,std_invalid_corrected
340,59,50,,ARG,p,886.0,,male,0.0022522350115252608,,0.00451467268623,0,0,0,1991,1991,,std_invalid_corrected
341,74,70,,ITA,p,602.0,,male,0.0033112033347133226,,0.00664451827241,0,0,0,1989,1988,,std_invalid_corrected
342,99,30,,IND,p,14010.0,,total,0.0005137550050982289,,0.00371163454675,1,1,0,1985,1985,,std_invalid_corrected
343,69,65,,JPN,p,5799.0,,total,0.0003447680818955087,,0.000689774098982,1,1,0,2000,2000,,std_invalid_corrected
344,74,70,,JPN,p,4599.0,,total,0.00021741493255114433,,0.000217438573603,1,1,0,2000,2000,,std_invalid_corrected
345,69,65,,ITA,p,568.0,,female,0.003041321609177657,,0.00528169014084,0,0,0,1989,1988,,std_invalid_corrected
347,69,60,,JPN,p,3241.0,,male,0.0002181586655997601,,0.000154273372415921,1,0,0,1985,1985,val_invalid_corrected,std_invalid_corrected
348,69,65,,ITA,p,585.0,,male,0.002413323134269284,,0.0034188034188,0,0,0,1989,1988,,std_invalid_corrected
349,84,80,,ITA,p,1094.0,,total,0.0020392616828830224,,0.00457038391224,0,0,0,1997,1997,,std_invalid_corrected
350,79,75,,ITA,p,1109.0,,total,0.001274064717583549,,0.00180342651037,0,0,0,1997,1997,,std_invalid_corrected
351,74,70,,ITA,p,1143.0,,total,0.0006185057777717792,,0.0004374453193350831,0,0,0,1997,1997,val_invalid_corrected,std_invalid_corrected
352,64,60,,BGR,p,1345.0,,total,0.0016594110389792107,,0.00371747211896,0,0,0,1999,1999,,std_invalid_corrected
353,69,60,,POL,p,23576.0,,total,0.00020768940059094472,,0.00101798439091,1,1,0,1986,1986,,std_invalid_corrected
354,74,70,,JPN,p,2416.0,,female,0.0015980718983819257,,0.00620860927152,1,1,0,2000,2000,,std_invalid_corrected
355,69,65,,ITA,p,1150.0,,total,0.0024509321286991397,,0.00695652173912,0,0,0,1997,1997,,std_invalid_corrected
356,89,80,,ITA,p,205.0,,male,0.00486613655565884,,0.00487804878046,0,0,0,1987,1987,,std_invalid_corrected
357,79,75,,JPN,p,1795.0,,female,0.0020763439568094503,,0.00779944289693,1,1,0,2000,2000,,std_invalid_corrected
358,69,65,,JPN,p,2159.0,,female,0.001132970694722852,,0.00277906438166,0,0,0,1994,1992,,std_invalid_corrected
359,89,80,,ITA,p,286.0,,female,0.0049274828132365635,,0.00699300699298,0,0,0,1987,1987,,std_invalid_corrected
360,69,65,,JPN,p,2700.0,,male,0.00026186715011296534,,0.00018518518518518518,1,1,0,2000,2000,val_invalid_corrected,std_invalid_corrected
361,99,60,,IND,p,3252.0,,total,0.001676476962962448,,0.00922509225092,0,1,0,1986,1986,,std_invalid_corrected
362,69,60,,SGP,p,2780.0,0.0,female,0.0012939248744818883,0.01,0.0046762589928,0,0,0,2001,2001,,std_invalid_corrected
363,79,70,,ITA,p,859.0,,female,0.0011634665405359874,,0.0011641443539,0,0,0,1987,1987,,std_invalid_corrected
364,79,70,,ITA,p,708.0,,male,0.00314711619719376,,0.00706214689265,0,0,0,1987,1987,,std_invalid_corrected
365,69,60,,ITA,p,1123.0,,female,0.0012581956221479412,,0.00178094390027,0,0,0,1987,1987,,std_invalid_corrected
366,69,60,,ITA,p,969.0,,male,0.001457949795459083,,0.00206398348813,0,0,0,1987,1987,,std_invalid_corrected
367,59,50,,ITA,p,1261.0,,male,0.0011206119077671836,,0.00158604282315,0,0,0,1987,1987,,std_invalid_corrected
368,99,30,,EST,p,82101.0,0.00193,female,0.0002556692880881416,0.00251,0.00539579298669,0,0,0,1996,1996,,std_invalid_corrected
369,59,50,,ITA,p,1335.0,,female,0.0005295688028355112,,0.0003745318352059925,0,0,0,1987,1987,val_invalid_corrected,std_invalid_corrected
370,99,80,,TUR,p,94.0,,male,0.014883913284477364,,0.0212765957445,1,0,0,2000,1999,,std_invalid_corrected
371,49,0,,ITA,p,8707.0,,female,8.120896727578887e-05,,5.742506029631331e-05,0,0,0,1987,1987,val_invalid_corrected,std_invalid_corrected
372,49,0,,ITA,p,9007.0,,male,7.850418056225744e-05,,5.551237926057511e-05,0,0,0,1987,1987,val_invalid_corrected,std_invalid_corrected
373,64,60,,BGR,p,4660.0,,total,0.00015173151185746174,,0.00010729613733905579,0,0,0,1999,1999,val_invalid_corrected,std_invalid_corrected
374,60,51,,IND,p,600.0,,female,0.0011780201532577792,,0.0008333333333333334,0,0,0,1993,1992,val_invalid_corrected,std_invalid_corrected
375,99,30,,ITA,p,120000.0,,total,0.0001448742090861356,,0.002525,0,0,0,1995,1990,,std_invalid_corrected
376,79,75,,ITA,p,234.0,,male,0.003018593680497778,,0.002136752136752137,1,1,0,1986,1985,val_invalid_corrected,std_invalid_corrected
377,79,75,,ITA,p,330.0,,female,0.0030257081784793812,,0.00303030303029,1,1,0,1986,1985,,std_invalid_corrected
378,99,30,,BGR,p,43133.0,,male,0.0003429977574968362,,0.00510050309508,0,0,0,1999,1999,,std_invalid_corrected
379,99,30,,URY,p,4468.0,,total,0.0012418118923807145,,0.00693822739481,1,0,0,1994,1993,,std_invalid_corrected
380,74,70,,ITA,p,366.0,,male,0.0019306656275430041,,0.001366120218579235,1,1,0,1986,1985,val_invalid_corrected,std_invalid_corrected
381,74,70,,ITA,p,443.0,,female,0.0022547871200033274,,0.00225733634311,1,1,0,1986,1985,,std_invalid_corrected
382,84,80,,ITA,p,202.0,,female,0.010931784482096425,,0.0247524752474,1,1,0,1986,1985,,std_invalid_corrected
383,84,80,,ITA,p,114.0,,male,0.01229608147452725,,0.017543859649,1,1,0,1986,1985,,std_invalid_corrected
384,69,65,,ITA,p,381.0,,male,0.002621225201562317,,0.002624671916,1,1,0,1986,1985,,std_invalid_corrected
385,64,60,,JPN,p,2529.0,,male,0.0015268804067853628,,0.00593119810201,0,0,0,1994,1992,,std_invalid_corrected
386,64,60,,ITA,p,489.0,,female,0.0014452866711559885,,0.0010224948875255625,1,1,0,1986,1985,val_invalid_corrected,std_invalid_corrected
387,64,60,,JPN,p,3123.0,,female,0.0004526931321463717,,0.000640409862312,1,1,0,2000,2000,,std_invalid_corrected
388,99,30,,CHL,p,4672408.0,,total,2.8944375851286515e-05,,0.00392987941122,1,0,0,1989,1989,,std_invalid_corrected
389,69,65,,ITA,p,491.0,,female,0.0014394025569834151,,0.0010183299389002036,1,1,0,1986,1985,val_invalid_corrected,std_invalid_corrected
390,64,60,,ITA,p,563.0,,male,0.001774620791868078,,0.00177619893428,1,1,0,1986,1985,,std_invalid_corrected
391,64,60,,JPN,p,2647.0,,female,0.0011924060007600904,,0.00377786173026,0,0,0,1994,1992,,std_invalid_corrected
392,59,55,,ITA,p,615.0,,male,0.0022957921228261365,,0.00325203252032,1,1,0,1986,1985,,std_invalid_corrected
393,99,30,,BGR,p,14278.0,,male,0.0006437918845664882,,0.00595321473596,0,0,0,1999,1999,,std_invalid_corrected
394,54,0,,ITA,p,8566.0,,female,0.00023342668492460874,,0.000466962409526,1,1,0,1986,1985,,std_invalid_corrected
395,59,55,,ITA,p,630.0,,female,0.001586041323833108,,0.0015873015873,1,1,0,1986,1985,,std_invalid_corrected
396,99,85,,ITA,p,137.0,,female,0.007272581610396041,,0.00729927007294,1,1,0,1986,1985,,std_invalid_corrected
397,54,0,,ITA,p,8669.0,,male,0.0001153469052435156,,0.000115353558657,1,1,0,1986,1985,,std_invalid_corrected
398,99,30,,EST,p,47545.0,0.00146,male,0.00043913956233591423,0.00197,0.00925439057735,0,0,0,1996,1996,,std_invalid_corrected
399,99,85,,ITA,p,92.0,,male,0.010810330088516413,,0.0108695652173,1,1,0,1986,1985,,std_invalid_corrected
400,60,51,,IND,p,550.0,,male,0.001285064174421522,,0.0009090909090909091,0,0,0,1993,1992,val_invalid_corrected,std_invalid_corrected
402,79,70,,ITA,p,29788.0,,male,0.0005649977627750453,,0.0096011816839,0,0,0,1972,1961,,std_invalid_corrected
403,99,30,,EST,p,103424.0,0.00135,total,0.00023180650882705754,0.00185,0.00558864480198,0,0,0,1996,1996,,std_invalid_corrected
404,69,60,,ITA,p,58185.0,,male,0.00017511250239734126,,0.00178740225144,0,0,0,1972,1961,,std_invalid_corrected
405,69,60,,ITA,p,61374.0,,female,0.0002888937758032277,,0.00514876006126,0,0,0,1972,1961,,std_invalid_corrected
406,79,70,,ITA,p,37037.0,,female,0.0003222494524738776,,0.003861003861,0,0,0,1972,1961,,std_invalid_corrected
407,59,50,,ITA,p,61776.0,,male,8.71519790588793e-05,,0.000469437969438,0,0,0,1972,1961,,std_invalid_corrected
408,99,80,,POL,p,26600.0,,total,0.00029803943539514425,,0.00236842105263,1,1,0,1986,1986,,std_invalid_corrected
409,99,30,,EST,p,55879.0,0.00133,female,0.0002449618733076926,0.00182,0.00336441239106,0,0,0,1996,1996,,std_invalid_corrected
410,69,65,,TUR,p,151.0,,male,0.00660055126671887,,0.00662251655625,1,0,0,2000,1999,,std_invalid_corrected
411,59,50,,ARG,p,1962.0,,total,0.0016076496196360233,,0.00509683995922,0,0,0,1991,1991,,std_invalid_corrected
412,59,50,,ITA,p,63878.0,,female,7.98080981166099e-05,,0.000407025893109,0,0,0,1972,1961,,std_invalid_corrected
413,99,30,,BGR,p,14336.0,,female,0.0003553566952677457,,0.00181361607143,0,0,0,1999,1999,,std_invalid_corrected
414,59,55,,JPN,p,2735.0,,male,0.0008168274605722081,,0.0018281535649,0,0,0,1994,1992,,std_invalid_corrected
415,89,80,,ITA,p,11799.0,,male,0.001481707646504668,,0.0266124247818,0,0,0,1972,1961,,std_invalid_corrected
416,99,30,,EST,p,26222.0,0.00122,female,0.0001905886635973413,0.00169,0.000953397910152,0,0,0,1996,1996,,std_invalid_corrected
417,49,40,,ITA,p,87805.0,,female,9.792949813474487e-05,,0.000842776607255,0,0,0,1972,1961,,std_invalid_corrected
418,89,80,,ITA,p,14815.0,,female,0.00035683427943061655,,0.0018899763753,0,0,0,1972,1961,,std_invalid_corrected
419,49,40,,ITA,p,82386.0,,male,5.290214704200234e-05,,0.000230621707572,0,0,0,1972,1961,,std_invalid_corrected
420,39,30,,ITA,p,89286.0,,male,4.881431728937832e-05,,0.000212799319042,0,0,0,1972,1961,,std_invalid_corrected
421,99,30,,BGR,p,48163.0,,female,0.0003208539007325628,,0.00498307829662,0,0,0,1999,1999,,std_invalid_corrected
422,39,30,,ITA,p,90909.0,,female,1.555619362133655e-05,,2.2000022e-05,0,0,0,1972,1961,,std_invalid_corrected
423,64,60,,JPN,p,5752.0,,total,0.0003885771732923272,,0.00086926286509,1,1,0,2000,2000,,std_invalid_corrected
424,99,30,,EST,p,49816.0,0.00116,total,8.74832907995156e-05,0.00162,0.00038140356512,0,0,0,1996,1996,,std_invalid_corrected
425,99,30,,BGR,p,87025.0,,total,0.000269844252992999,,0.00637747773628,0,1,0,1997,1997,,std_invalid_corrected
426,99,70,,ITA,p,200.0,,total,0.003531111722956384,,0.0025,1,1,0,1994,1994,val_invalid_corrected,std_invalid_corrected
427,99,30,,CUB,p,17784.0,,total,0.0008616549087915764,,0.0133828160144,0,0,0,1997,1997,,std_invalid_corrected
428,89,80,,JPN,p,747.0,,male,0.0047845247267621835,,0.0174029451138,1,0,0,1985,1985,,std_invalid_corrected
429,49,40,,BOL,p,786.0,0.0,total,0.00089934076166735,0.00397,0.0006361323155216285,0,0,0,1994,1994,val_invalid_corrected,std_invalid_corrected
433,59,50,,EST,p,7683.0,0.00108,male,0.00013014901980197379,0.00153,0.000130157490564,0,0,0,1996,1996,,std_invalid_corrected
434,99,30,,EST,p,23594.0,0.00106,male,0.0005473956573679143,0.0015,0.0071204543528,0,0,0,1996,1996,,std_invalid_corrected
435,64,55,,NZL,p,4804.0,,male,0.0008049400751868457,,0.00312239800166,0,0,0,2005,2005,,std_invalid_corrected
436,59,50,,EST,p,9662.0,0.00102,female,0.0004136500397481817,0.00146,0.00165597184848,0,0,0,1996,1996,,std_invalid_corrected
437,99,30,,EST,p,71139.0,0.00102,male,0.0002405285501666316,0.00146,0.00413275418547,0,0,0,1996,1996,,std_invalid_corrected
439,59,50,,POL,p,92221.0,,total,9.068893575728867e-05,,0.000759046204227,1,1,0,1986,1986,,std_invalid_corrected
444,34,0,,ITA,p,297424.0,,total,3.3621978014469112e-06,,3.36220345366e-06,0,0,0,2001,2001,,std_invalid_corrected
445,79,70,,JPN,p,1810.0,,male,0.002395558225411322,,0.0104972375691,1,0,0,1985,1985,,std_invalid_corrected
447,59,50,,SGP,p,2769.0,,male,0.0012990529370623316,,0.00469483568075,0,0,0,2001,2001,,std_invalid_corrected
451,59,55,,BGR,p,1917.0,,total,0.0009028142903482049,,0.00156494522692,0,0,0,1999,1999,,std_invalid_corrected
452,79,75,,TUR,p,73.0,,male,0.013604480360495644,,0.0136986301368,1,0,0,2000,1999,,std_invalid_corrected
455,59,55,,BGR,p,5018.0,,total,0.0005632067756807798,,0.00159426066162,0,0,0,1999,1999,,std_invalid_corrected
457,59,55,,JPN,p,3053.0,,female,0.00032749302759543927,,0.000327546675401,0,0,0,1994,1992,,std_invalid_corrected
461,89,85,,NLD,p,245.0,,female,0.0040732942732426254,,0.00408163265304,0,0,0,1989,1988,,std_invalid_corrected
462,99,95,,NLD,p,20.0,,female,0.03491060010942235,,0.025,0,0,0,1989,1988,val_invalid_corrected,std_invalid_corrected
463,99,80,,TUR,p,39.0,,female,0.018014344193057537,,0.01282051282051282,1,0,0,2000,1999,val_invalid_corrected,std_invalid_corrected
464,84,80,,NLD,p,396.0,,female,0.0061385408434868486,,0.0151515151515,0,0,0,1989,1988,,std_invalid_corrected
465,99,30,,JPN,p,125291.0,,total,0.0002598413703198674,,0.00853213718463,1,1,0,1981,1975,,std_invalid_corrected
466,84,80,,NLD,p,180.0,,male,0.003922911141539789,,0.002777777777777778,0,0,0,1989,1988,val_invalid_corrected,std_invalid_corrected
467,89,85,,NLD,p,79.0,,male,0.02150437310649028,,0.0379746835438,0,0,0,1989,1988,,std_invalid_corrected
468,94,90,,NLD,p,91.0,,female,0.007749027520607,,0.005494505494505495,0,0,0,1989,1988,val_invalid_corrected,std_invalid_corrected
469,59,50,,JPN,p,5222.0,,male,0.00013540270549197825,,9.574875526618154e-05,1,0,0,1985,1985,val_invalid_corrected,std_invalid_corrected
470,64,60,,JPN,p,2632.0,,male,0.0016064241216245246,,0.00683890577507,1,1,0,2000,2000,,std_invalid_corrected
471,79,75,,NLD,p,544.0,,female,0.001299231156844258,,0.0009191176470588235,0,0,0,1989,1988,val_invalid_corrected,std_invalid_corrected
472,59,55,,JPN,p,2685.0,,male,0.0007443239057087696,,0.00148975791434,1,1,0,2000,2000,,std_invalid_corrected
473,79,75,,NLD,p,341.0,,male,0.004135073928465252,,0.00586510263928,0,0,0,1989,1988,,std_invalid_corrected
474,74,70,,NLD,p,477.0,,male,0.004175254929740272,,0.00838574423478,0,0,0,1989,1988,,std_invalid_corrected
476,74,70,,NLD,p,684.0,,female,0.0038482138805773637,,0.0102339181286,0,0,0,1989,1988,,std_invalid_corrected
477,54,50,,JPN,p,2971.0,,female,0.0006727206995972486,,0.00134634803097,0,0,0,1994,1992,,std_invalid_corrected
478,59,55,,JPN,p,6041.0,,total,0.0006403198122300471,,0.00248303261049,1,1,0,2000,2000,,std_invalid_corrected
479,59,55,,JPN,p,3180.0,,female,0.0002223431411463756,,0.00015723270440251572,1,1,0,2000,2000,val_invalid_corrected,std_invalid_corrected
481,64,55,,NZL,p,5076.0,,female,0.0010935257448279302,,0.00610717100079,0,0,0,2005,2005,,std_invalid_corrected
482,49,45,,JPN,p,3384.0,,female,0.0002954646084356301,,0.000295508274232,1,1,0,2000,2000,,std_invalid_corrected
483,99,40,,NGA,p,3412.0,,total,0.0008780893211391355,,0.00263774912075,0,0,0,1985,1985,,std_invalid_corrected
484,69,65,,NLD,p,613.0,,male,0.004583866587011983,,0.0130505709625,0,0,0,1989,1988,,std_invalid_corrected
485,59,50,,JPN,p,5792.0,,female,0.00045651796416338236,,0.00120856353591,1,0,0,1985,1985,,std_invalid_corrected
486,54,50,,JPN,p,3861.0,,female,0.000183128980703001,,0.0001295001295001295,1,1,0,2000,2000,val_invalid_corrected,std_invalid_corrected
487,69,65,,NLD,p,705.0,,female,0.0010026326093993544,,0.0007092198581560284,0,0,0,1989,1988,val_invalid_corrected,std_invalid_corrected
488,54,50,,BGR,p,2060.0,,total,0.0011873397686559435,,0.00291262135922,0,0,0,1999,1999,,std_invalid_corrected
489,39,30,,JPN,p,6316.0,,female,0.00011195041037399238,,7.916402786573781e-05,1,0,0,1985,1985,val_invalid_corrected,std_invalid_corrected
490,99,30,,oceania,p,17000.0,,total,0.0006706669959210777,,0.00770588235294,1,1,0,1981,1980,,std_invalid_corrected
491,94,90,,NLD,p,22.0,,male,0.03177387706452417,,0.022727272727272728,0,0,0,1989,1988,val_invalid_corrected,std_invalid_corrected
493,54,50,,BGR,p,6757.0,,total,0.00010464416437671722,,7.399733609590054e-05,0,0,0,1999,1999,val_invalid_corrected,std_invalid_corrected
494,64,60,,TUR,p,165.0,,male,0.0042789975417979065,,0.0030303030303030303,1,0,0,2000,1999,val_invalid_corrected,std_invalid_corrected
495,89,85,,NLD,p,324.0,,total,0.01238728509679665,,0.0524691358023,0,0,0,1997,1997,,std_invalid_corrected
496,84,80,,NLD,p,576.0,,total,0.002999191614815029,,0.00520833333332,0,0,0,1997,1997,,std_invalid_corrected
497,99,90,,NLD,p,133.0,,total,0.0105529330819062,,0.0150375939848,0,0,0,1997,1997,,std_invalid_corrected
498,79,75,,NLD,p,885.0,,total,0.0029777029550075726,,0.00790960451977,0,0,0,1997,1997,,std_invalid_corrected
499,74,70,,NLD,p,1161.0,,total,0.0014899324447488489,,0.00258397932816,0,0,0,1997,1997,,std_invalid_corrected
500,49,45,,JPN,p,2706.0,,male,0.0005224282499447088,,0.000739098300074,0,0,0,1994,1992,,std_invalid_corrected
501,39,35,,JPN,p,2717.0,,female,0.0002602288240706534,,0.0001840264998159735,1,1,0,2000,2000,val_invalid_corrected,std_invalid_corrected
502,69,65,,NLD,p,1318.0,,total,0.0010721852468426947,,0.00151745068285,0,0,0,1997,1997,,std_invalid_corrected
503,99,95,,NLD,p,20.0,,female,0.048733971722890596,,0.0499999999975,0,0,0,1993,1990,,std_invalid_corrected
504,94,85,,NLD,p,336.0,,female,0.002102918048197153,,0.001488095238095238,0,0,0,1993,1990,val_invalid_corrected,std_invalid_corrected
505,69,65,,TUR,p,115.0,,female,0.006135373200281407,,0.004347826086956522,1,0,0,2000,1999,val_invalid_corrected,std_invalid_corrected
506,49,45,,JPN,p,6455.0,,total,0.00037929528474909196,,0.000929512006197,1,1,0,2000,2000,,std_invalid_corrected
507,99,30,,COL,p,200.0,,total,0.003531111722956384,,0.0025,1,1,0,2000,1996,val_invalid_corrected,std_invalid_corrected
508,59,50,,IND,p,3443.0,,total,0.0005028452066471326,,0.000871333139703,0,1,0,1986,1986,,std_invalid_corrected
509,84,75,,NLD,p,940.0,,female,0.0021231278130392425,,0.00425531914893,0,0,0,1993,1990,,std_invalid_corrected
510,94,85,,NLD,p,101.0,,male,0.006983706389401271,,0.0049504950495049506,0,0,0,1993,1990,val_invalid_corrected,std_invalid_corrected
511,54,50,,JPN,p,7386.0,,total,0.00019144626011696257,,0.000270782561603,1,1,0,2000,2000,,std_invalid_corrected
512,59,55,,TUR,p,157.0,,male,0.006349109549085157,,0.00636942675155,1,0,0,2000,1999,,std_invalid_corrected
513,44,40,,JPN,p,3717.0,,female,0.00026899797521313473,,0.000269034167339,0,0,0,1994,1992,,std_invalid_corrected
514,84,75,,NLD,p,521.0,,male,0.007783647217897291,,0.0326295585412,0,0,0,1993,1990,,std_invalid_corrected
515,74,65,,NLD,p,1090.0,,male,0.001296252773424948,,0.00183486238532,0,0,0,1993,1990,,std_invalid_corrected
517,49,40,,EST,p,8730.0,0.00014,male,0.00039653149720220095,0.00032,0.00137457044674,0,0,0,1996,1996,,std_invalid_corrected
518,74,65,,NLD,p,1389.0,,female,0.0005089845217365716,,0.0003599712023038157,0,0,0,1993,1990,val_invalid_corrected,std_invalid_corrected
520,49,40,,EST,p,9749.0,0.00012,female,0.0002293050050655436,0.00029,0.000512873115191,0,0,0,1996,1996,,std_invalid_corrected
521,64,55,,NLD,p,1098.0,,male,0.0020318496710217877,,0.00455373406193,0,0,0,1993,1990,,std_invalid_corrected
522,49,40,,JPN,p,4975.0,,male,0.00020098482260049784,,0.000201005025126,1,0,0,1985,1985,,std_invalid_corrected
523,39,35,,JPN,p,5199.0,,total,0.00019232618254189757,,0.00019234468167,1,1,0,2000,2000,,std_invalid_corrected
524,49,40,,JPN,p,5236.0,,female,0.0003307017841153246,,0.000572956455309,1,0,0,1985,1985,,std_invalid_corrected
526,99,30,,BGR,p,6163.0,,total,0.0005376705561915885,,0.001784845043,0,1,0,1997,1997,,std_invalid_corrected
527,64,55,,NLD,p,1471.0,,female,0.0006795785434303233,,0.000679809653297,0,0,0,1993,1990,,std_invalid_corrected
528,54,50,,TUR,p,136.0,,female,0.005189748203294316,,0.003676470588235294,1,0,0,2000,1999,val_invalid_corrected,std_invalid_corrected
529,99,95,,NLD,p,3.0,,male,0.21516574145596762,,0.16666666666666666,0,0,0,1993,1990,val_invalid_corrected,std_invalid_corrected
530,99,30,,NGA,p,18594.0,,total,0.0007546006836997751,,0.0107023771109,0,0,0,1982,1982,,std_invalid_corrected
531,99,30,,NLD,p,68928.0,,total,0.000277565700274601,,0.00533890436397,1,1,0,2000,1975,,std_invalid_corrected
534,99,30,,NOR,p,48091.0,,total,0.00024126406909170893,,0.00280717805826,1,1,0,1986,1986,,std_invalid_corrected
535,99,30,,ETH,p,60820.0,,total,0.00022805629793966133,,0.00317329825715,0,0,0,1988,1986,,std_invalid_corrected
536,99,30,,NOR,p,48091.0,,total,0.0004861690491724519,,0.0114990330831,0,0,0,1986,1986,,std_invalid_corrected
537,99,30,,NOR,p,220858.0,,total,0.00011614725499807541,,0.00298834545273,1,0,0,2001,1993,,std_invalid_corrected
538,99,30,,NOR,p,110429.0,,female,0.00014244738669170773,,0.00224578688569,0,0,0,1993,1992,,std_invalid_corrected
539,54,46,,NZL,p,40816.0,,male,1.732414862087417e-05,,1.2250098000784006e-05,0,0,0,2005,2005,val_invalid_corrected,std_invalid_corrected
540,99,30,,NOR,p,110429.0,,male,0.00015972752911930723,,0.00282534479168,0,0,0,1993,1992,,std_invalid_corrected
541,99,75,,PRT,p,5073.0,,male,0.0020357846804031636,,0.0214863000197,1,1,0,1992,1992,,std_invalid_corrected
542,99,75,,PRT,p,8412.0,,female,0.0010904477209952223,,0.0101046124584,1,1,0,1992,1992,,std_invalid_corrected
543,54,40,,NZL,p,41667.0,,female,0.00016789984453272668,,0.00117599059208,0,0,0,2005,2005,,std_invalid_corrected
544,99,30,,JPN,p,7685.0,,total,0.0005359196794747751,,0.00221210149642,1,1,0,1991,1991,,std_invalid_corrected
545,74,65,,PRT,p,8228.0,,male,0.0002430133441943433,,0.000486144871172,1,1,0,1992,1992,,std_invalid_corrected
546,74,65,,PRT,p,10498.0,,female,0.0006851991726795201,,0.00495332444275,1,1,0,1992,1992,,std_invalid_corrected
547,64,60,,TUR,p,141.0,,female,0.005006042073165024,,0.0035460992907801418,1,0,0,2000,1999,val_invalid_corrected,std_invalid_corrected
548,49,40,,ARG,p,1084.0,,female,0.0009220836152765428,,0.000922509225091,0,0,0,1991,1991,,std_invalid_corrected
549,59,50,,ARG,p,1076.0,,female,0.002073296099206227,,0.00464684014869,0,0,0,1991,1991,,std_invalid_corrected
550,49,40,,ARG,p,921.0,,male,0.001085186714862503,,0.00108577633007,0,0,0,1991,1991,,std_invalid_corrected
551,49,40,,ARG,p,2005.0,,total,0.0009965107189624648,,0.00199501246883,0,0,0,1991,1991,,std_invalid_corrected
552,64,55,,PRT,p,10774.0,,male,0.0005160338348157231,,0.00287729719696,1,1,0,1992,1992,,std_invalid_corrected
553,64,55,,PRT,p,12828.0,,female,0.00048608494497498413,,0.00304022450889,1,1,0,1992,1992,,std_invalid_corrected
554,99,30,,PRT,p,115473.0,,female,0.00015780274583594695,,0.00288379101608,1,1,0,1992,1992,,std_invalid_corrected
555,99,30,,PRT,p,104455.0,,male,0.00023246728163295414,,0.00567708582643,1,1,0,1992,1992,,std_invalid_corrected
556,54,45,,PRT,p,10647.0,,male,0.00024841565016711544,,0.000657462195924,1,1,0,1992,1992,,std_invalid_corrected
557,54,45,,PRT,p,11872.0,,female,0.00014587533297605524,,0.00025269541779,1,1,0,1992,1992,,std_invalid_corrected
558,34,25,,PRT,p,18283.0,,female,3.86751141612256e-05,,2.7347809440463818e-05,1,1,0,1992,1992,val_invalid_corrected,std_invalid_corrected
559,4,0,,PRT,p,5299.0,,female,0.00013343525571083133,,9.435742592942064e-05,1,1,0,1992,1992,val_invalid_corrected,std_invalid_corrected
560,39,0,,EST,p,43343.0,,female,1.631411537324174e-05,,1.1535888148028516e-05,0,0,0,1996,1996,val_invalid_corrected,std_invalid_corrected
561,39,0,,EST,p,44402.0,,male,1.592502139312587e-05,,1.1260754020089185e-05,0,0,0,1996,1996,val_invalid_corrected,std_invalid_corrected
562,59,50,,SGP,p,3371.0,,female,0.00029660387572217516,,0.000296647878968,0,0,0,2001,2001,,std_invalid_corrected
563,9,5,,PRT,p,7419.0,,female,9.530704316233243e-05,,6.739452756436177e-05,1,1,0,1992,1992,val_invalid_corrected,std_invalid_corrected
564,39,30,,JPN,p,6615.0,,male,0.00010689040923193611,,7.558578987150416e-05,1,0,0,1985,1985,val_invalid_corrected,std_invalid_corrected
565,49,45,,JPN,p,3026.0,,female,0.00046719964673019106,,0.000660938532716,0,0,0,1994,1992,,std_invalid_corrected
566,99,85,,JPN,p,376.0,,female,0.007441956642255791,,0.0212765957446,0,0,0,1994,1992,,std_invalid_corrected
567,44,40,,JPN,p,3401.0,,male,0.0002939879369621935,,0.000294031167304,0,0,0,1994,1992,,std_invalid_corrected
568,54,50,,JPN,p,2525.0,,male,0.0007914515697806948,,0.00158415841584,0,0,0,1994,1992,,std_invalid_corrected
569,84,80,,JPN,p,402.0,,male,0.0077679058637199075,,0.0248756218905,0,0,0,1994,1992,,std_invalid_corrected
570,99,85,,JPN,p,189.0,,male,0.011673503219184452,,0.0264550264549,0,0,0,1994,1992,,std_invalid_corrected
571,49,0,,BGR,p,20515.0,,total,4.874363281953328e-05,,4.87448208628e-05,0,0,0,1999,1999,,std_invalid_corrected
572,49,0,,BGR,p,63216.0,,total,5.001941808093077e-05,,0.000158187800557,0,0,0,1999,1999,,std_invalid_corrected
573,49,15,,IND,p,30531.0,,total,2.3160099279113364e-05,,1.6376797353509547e-05,0,1,0,1986,1986,val_invalid_corrected,std_invalid_corrected
574,14,10,,PRT,p,8277.0,,female,8.542774233216294e-05,,6.040836051709557e-05,1,1,0,1992,1992,val_invalid_corrected,std_invalid_corrected
575,24,15,,PRT,p,18550.0,,female,3.811845020923686e-05,,2.6954177897574123e-05,1,1,0,1992,1992,val_invalid_corrected,std_invalid_corrected
576,44,35,,PRT,p,14035.0,,female,0.00010075616640108183,,0.000142500890631,1,1,0,1992,1992,,std_invalid_corrected
577,4,0,,PRT,p,5611.0,,male,0.0001260159107294962,,8.911067545891998e-05,1,1,0,1992,1992,val_invalid_corrected,std_invalid_corrected
578,9,5,,PRT,p,7666.0,,male,9.223633198219445e-05,,6.522306287503261e-05,1,1,0,1992,1992,val_invalid_corrected,std_invalid_corrected
579,14,10,,PRT,p,8481.0,,male,8.337294387795285e-05,,5.895531187359981e-05,1,1,0,1992,1992,val_invalid_corrected,std_invalid_corrected
580,24,15,,PRT,p,17766.0,,male,3.980056460854247e-05,,2.814364516492176e-05,1,1,0,1992,1992,val_invalid_corrected,std_invalid_corrected
581,34,25,,PRT,p,16951.0,,male,4.171413795182276e-05,,2.94967848504513e-05,1,1,0,1992,1992,val_invalid_corrected,std_invalid_corrected
582,44,35,,PRT,p,13258.0,,male,0.00010666064939315681,,0.000150852315583,1,1,0,1992,1992,,std_invalid_corrected
583,79,75,,SWE,p,127.0,,total,0.005556798944710393,,0.003937007874015748,0,0,0,1997,1997,val_invalid_corrected,std_invalid_corrected
584,99,90,,SWE,p,123.0,,total,0.008096964742356797,,0.00813008130075,0,0,0,1997,1997,,std_invalid_corrected
585,84,80,,SWE,p,430.0,,total,0.001643478030267419,,0.0011627906976744186,0,0,0,1997,1997,val_invalid_corrected,std_invalid_corrected
586,89,85,,SWE,p,309.0,,total,0.0032310050671102274,,0.00323624595468,0,0,0,1997,1997,,std_invalid_corrected
587,99,30,,SWE,p,145454.0,,total,0.00017164253891537276,,0.00430376613912,1,0,0,1989,1989,,std_invalid_corrected
591,39,35,,JPN,p,2491.0,,male,0.0002838361346723328,,0.0002007226013649137,1,1,0,2000,2000,val_invalid_corrected,std_invalid_corrected
592,49,45,,JPN,p,3088.0,,male,0.00045782238260432673,,0.000647668393782,1,1,0,2000,2000,,std_invalid_corrected
593,54,50,,JPN,p,3546.0,,male,0.00048824533968716246,,0.000846023688663,1,1,0,2000,2000,,std_invalid_corrected
594,44,40,,JPN,p,5565.0,,total,0.000127057504882248,,8.984725965858041e-05,1,1,0,2000,2000,val_invalid_corrected,std_invalid_corrected
600,99,30,,SWE,p,50150.0,,total,0.00020795522314630377,,0.00217347956132,1,1,0,2001,2001,,std_invalid_corrected
601,99,30,,europe_western,p,11694.0,,total,0.000621138494608259,,0.00453223875492,0,0,0,1997,1997,,std_invalid_corrected
602,99,95,,FRA,p,28.0,,female,0.02502731743666911,,0.017857142857142856,0,0,0,1989,1988,val_invalid_corrected,std_invalid_corrected
603,94,90,,FRA,p,22.0,,male,0.0444094736771572,,0.0454545454525,0,0,0,1989,1988,,std_invalid_corrected
604,84,80,,FRA,p,173.0,,male,0.01596679726294386,,0.0462427745662,0,0,0,1989,1988,,std_invalid_corrected
605,89,85,,FRA,p,324.0,,female,0.002180743714330745,,0.0015432098765432098,0,0,0,1989,1988,val_invalid_corrected,std_invalid_corrected
606,54,50,,TUR,p,134.0,,male,0.0074347885757767565,,0.00746268656711,1,0,0,2000,1999,,std_invalid_corrected
607,94,90,,FRA,p,113.0,,female,0.008810313171190883,,0.00884955752205,0,0,0,1989,1988,,std_invalid_corrected
608,79,75,,FRA,p,487.0,,female,0.0014512190899542072,,0.001026694045174538,0,0,0,1989,1988,val_invalid_corrected,std_invalid_corrected
609,89,85,,FRA,p,125.0,,male,0.005645529204600752,,0.004,0,0,0,1989,1988,val_invalid_corrected,std_invalid_corrected
617,99,65,,CHN,p,6039.0,,total,0.0015506220013921106,,0.0147375393277,0,0,0,1987,1987,,std_invalid_corrected
618,49,40,,CHN,p,1372.0,,female,0.0005152900316747075,,0.00036443148688046647,0,0,0,1995,1993,val_invalid_corrected,std_invalid_corrected
619,59,50,,CHN,p,1680.0,,female,0.0008412925701816211,,0.00119047619048,0,0,0,1995,1993,,std_invalid_corrected
620,49,40,,CHN,p,1277.0,,male,0.000553616551599089,,0.00039154267815191856,0,0,0,1995,1993,val_invalid_corrected,std_invalid_corrected
621,69,60,,CHN,p,1227.0,,male,0.0011516385607382648,,0.00162999185004,0,0,0,1995,1993,,std_invalid_corrected
622,59,50,,CHN,p,1584.0,,male,0.0012610310298185473,,0.00252525252525,0,0,0,1995,1993,,std_invalid_corrected
623,79,70,,CHN,p,600.0,,male,0.001665277198587993,,0.00166666666666,0,0,0,1995,1993,,std_invalid_corrected
624,69,60,,CHN,p,1334.0,,female,0.0007493441657702541,,0.000749625187406,0,0,0,1995,1993,,std_invalid_corrected
625,79,70,,CHN,p,620.0,,female,0.005059147986476098,,0.016129032258,0,0,0,1995,1993,,std_invalid_corrected
626,99,80,,CHN,p,215.0,,male,0.004640333526191888,,0.00465116279068,0,0,0,1995,1993,,std_invalid_corrected
627,99,80,,CHN,p,149.0,,female,0.004737713848454991,,0.003355704697986577,0,0,0,1995,1993,val_invalid_corrected,std_invalid_corrected
628,59,50,,CHN,p,824.0,,male,0.0008578789002518885,,0.0006067961165048543,0,0,0,1994,1993,val_invalid_corrected,std_invalid_corrected
629,69,60,,CHN,p,675.0,,male,0.00548540992954503,,0.0207407407407,0,0,0,1994,1993,,std_invalid_corrected
630,79,70,,CHN,p,311.0,,male,0.00897688629383016,,0.0257234726687,0,0,0,1994,1993,,std_invalid_corrected
631,99,80,,CHN,p,156.0,,male,0.009007172096489652,,0.0128205128204,0,0,0,1994,1993,,std_invalid_corrected
632,79,70,,CHN,p,639.0,,female,0.0031200788608688784,,0.00625978090766,0,0,0,1994,1993,,std_invalid_corrected
633,59,50,,CHN,p,634.0,,female,0.0011148705025171284,,0.0007886435331230284,0,0,0,1994,1993,val_invalid_corrected,std_invalid_corrected
634,69,60,,CHN,p,397.0,,female,0.0025157172797288184,,0.00251889168765,0,0,0,1994,1993,,std_invalid_corrected
635,79,70,,CHN,p,279.0,,female,0.005050665160793421,,0.00716845878134,0,0,0,1994,1993,,std_invalid_corrected
636,59,50,,CHN,p,121.0,,total,0.005831771110540956,,0.004132231404958678,0,0,0,1992,1992,val_invalid_corrected,std_invalid_corrected
637,69,60,,CHN,p,129.0,0.0,total,0.007721833257208735,0.0229,0.00775193798444,0,0,0,1992,1992,,std_invalid_corrected
638,79,70,,CHN,p,114.0,0.0052,total,0.014992181792312305,0.0298,0.0263157894735,0,0,0,1992,1992,,std_invalid_corrected
639,99,80,,CHN,p,118.0,0.0109,total,0.005979721044489309,0.0399,0.00423728813559322,0,0,0,1992,1992,val_invalid_corrected,std_invalid_corrected
640,99,0,,CHN,p,20000.0,,male,0.0006279648676478645,,0.00795,0,0,0,1986,1986,,std_invalid_corrected
641,99,0,,CHN,p,20000.0,,female,0.0004572942160141543,,0.0042,0,0,0,1986,1986,,std_invalid_corrected
650,64,55,,CHN,p,1554.0,,female,0.0009094615328432158,,0.001287001287,0,0,0,2001,1996,,std_invalid_corrected
651,64,55,,CHN,p,1207.0,,male,0.0005857169067526062,,0.00041425020712510354,0,0,0,2001,1996,val_invalid_corrected,std_invalid_corrected
652,74,65,,CHN,p,1068.0,,female,0.0022870781485262548,,0.00561797752808,0,0,0,2001,1996,,std_invalid_corrected
653,74,65,,CHN,p,1006.0,,male,0.0007027147484947321,,0.0004970178926441351,0,0,0,2001,1996,val_invalid_corrected,std_invalid_corrected
654,99,85,,CHN,p,92.0,,female,0.0076650291036430025,,0.005434782608695652,1,1,0,2001,1996,val_invalid_corrected,std_invalid_corrected
655,84,75,,CHN,p,445.0,,female,0.004996562497048369,,0.0112359550562,1,1,0,2001,1996,,std_invalid_corrected
656,84,75,,CHN,p,319.0,,male,0.0031298789077774886,,0.00313479623823,0,0,0,2001,1996,,std_invalid_corrected
657,99,85,,CHN,p,52.0,,male,0.01353267341977218,,0.009615384615384616,0,0,0,2001,1996,val_invalid_corrected,std_invalid_corrected
666,79,75,,FRA,p,308.0,,male,0.002293937005693188,,0.0016233766233766235,0,0,0,1989,1988,val_invalid_corrected,std_invalid_corrected
667,84,80,,FRA,p,493.0,,female,0.002026339323315357,,0.00202839756592,0,0,0,1989,1988,,std_invalid_corrected
668,69,65,,FRA,p,556.0,,male,0.0012712028165065914,,0.0008992805755395684,0,0,0,1989,1988,val_invalid_corrected,std_invalid_corrected
669,74,70,,FRA,p,399.0,,male,0.004324629204336823,,0.00751879699246,0,0,0,1989,1988,,std_invalid_corrected
670,69,65,,FRA,p,500.0,,female,0.002822764602296862,,0.00399999999999,0,0,0,1989,1988,,std_invalid_corrected
671,74,70,,FRA,p,974.0,,female,0.0020491673498300635,,0.00410677618069,0,0,0,1989,1988,,std_invalid_corrected
672,84,80,,europe_western,p,1433.0,,male,0.00413409229190674,,0.0251221214236,0,0,0,1997,1997,,std_invalid_corrected
673,99,90,,europe_western,p,525.0,,female,0.005665094391140918,,0.0171428571428,0,0,0,1997,1997,,std_invalid_corrected
674,89,85,,europe_western,p,1179.0,,female,0.002237392192250149,,0.00593723494486,0,0,0,1997,1997,,std_invalid_corrected
675,84,80,,europe_western,p,2014.0,,female,0.0025626636948540556,,0.0134061569017,0,0,0,1997,1997,,std_invalid_corrected
676,99,90,,europe_western,p,80.0,,total,0.012421629321371752,,0.0124999999998,0,0,0,1997,1997,,std_invalid_corrected
677,79,75,,europe_western,p,2192.0,,female,0.0018736707050178488,,0.00775547445255,0,0,0,1997,1997,,std_invalid_corrected
678,89,85,,europe_western,p,706.0,,male,0.005427222186447244,,0.0212464589235,0,0,0,1997,1997,,std_invalid_corrected
679,79,75,,europe_western,p,1693.0,,male,0.0020388676849959863,,0.00708800945068,0,0,0,1997,1997,,std_invalid_corrected
680,79,75,,europe_western,p,664.0,,total,0.003002962053837664,,0.00602409638553,0,0,0,1997,1997,,std_invalid_corrected
681,99,90,,europe_western,p,186.0,,male,0.013954237782932064,,0.0376344086019,0,0,0,1997,1997,,std_invalid_corrected
682,84,80,,europe_western,p,413.0,,total,0.00171108624895786,,0.0012106537530266344,0,0,0,1997,1997,val_invalid_corrected,std_invalid_corrected
685,74,70,,europe_western,p,2231.0,,female,0.0004481290274016855,,0.0004482294935,0,0,0,1997,1997,,std_invalid_corrected
686,74,70,,europe_western,p,1925.0,,male,0.0011600842103663461,,0.0025974025974,0,0,0,1997,1997,,std_invalid_corrected
687,69,65,,europe_western,p,2325.0,,female,0.0006080022226276152,,0.000860215053763,0,0,0,1997,1997,,std_invalid_corrected
688,69,65,,europe_western,p,2097.0,,male,0.0024164570350979704,,0.0123986647592,0,0,0,1997,1997,,std_invalid_corrected
689,89,85,,europe_western,p,221.0,,total,0.0077839576360638225,,0.0135746606334,0,0,0,1997,1997,,std_invalid_corrected
690,69,65,,europe_western,p,814.0,,total,0.00404685373377038,,0.0135135135135,0,0,0,1997,1997,,std_invalid_corrected
691,74,70,,europe_western,p,600.0,,total,0.0011780201532577792,,0.0008333333333333334,0,0,0,1997,1997,val_invalid_corrected,std_invalid_corrected
692,99,30,,AUT,p,1562.0,,total,0.002018014647342705,,0.00640204865557,0,1,0,1986,1986,,std_invalid_corrected
694,99,90,,FRA,p,80.0,,total,0.012421629321371752,,0.0124999999998,0,0,0,1998,1989,,std_invalid_corrected
707,59,55,,TUR,p,110.0,,female,0.006413617181385351,,0.004545454545454545,1,0,0,2000,1999,val_invalid_corrected,std_invalid_corrected
710,79,75,,FRA,p,668.0,,total,0.002985034408682212,,0.00598802395209,0,0,0,1998,1989,,std_invalid_corrected
711,84,80,,FRA,p,413.0,,total,0.0053813347217921475,,0.0121065375302,0,0,0,1998,1989,,std_invalid_corrected
712,89,85,,FRA,p,220.0,,total,0.0032104672440111453,,0.0022727272727272726,0,0,0,1998,1989,val_invalid_corrected,std_invalid_corrected
714,69,65,,FRA,p,816.0,,total,0.0017309796498288727,,0.00245098039215,0,0,0,1998,1989,,std_invalid_corrected
716,74,70,,FRA,p,595.0,,total,0.0011879153194184749,,0.0008403361344537816,0,0,0,1998,1989,val_invalid_corrected,std_invalid_corrected
722,99,30,,DNK,p,200.0,,total,0.004987484335805076,,0.00499999999998,0,0,0,1978,1976,,std_invalid_corrected
723,99,30,,DNK,p,43709.0,,total,0.00013137783257588932,,0.000754993250818,0,0,0,1995,1995,,std_invalid_corrected
726,99,30,,DNK,p,453000.0,,total,7.505631409947086e-05,,0.00255849889625,1,1,0,1978,1978,,std_invalid_corrected
727,99,30,,DNK,p,56839.0,,total,0.00013276179869119764,,0.00100283256215,0,0,0,1997,1997,,std_invalid_corrected
1415,44,0,,USA,p,75334.0,,male,1.3274130709476537e-05,,1.32742188122e-05,0,0,0,1991,1988,,std_invalid_corrected
1416,44,0,,USA,p,76794.0,,female,2.604302304762994e-05,,5.20874026617e-05,0,0,0,1991,1988,,std_invalid_corrected
1417,50,30,,USA,p,128148.0,,total,2.2070877712496417e-05,,6.24278178356e-05,1,0,0,1990,1988,,std_invalid_corrected
2159,59,50,,USA,p,17468.0,,total,0.00017169836607855183,,0.000515227845203,1,0,0,1990,1988,,std_invalid_corrected
2160,99,50,,CAN,p,10497.0,,female,0.0006088031906485513,,0.00390587786987,0,0,0,1986,1986,,std_invalid_corrected
2161,64,45,,USA,p,20871.0,,female,9.581756203942532e-05,,0.000191653490489,0,0,0,1991,1988,,std_invalid_corrected
2162,99,50,,CAN,p,8930.0,,male,0.0019640156668603967,,0.0357222844345,0,0,0,1986,1986,,std_invalid_corrected
2163,64,40,,USA,p,3016.0,,female,0.0006626900862135744,,0.00132625994695,0,0,0,1982,1982,,std_invalid_corrected
2164,64,45,,USA,p,16399.0,,male,0.0003106881979365708,,0.0015854625282,0,0,0,1991,1988,,std_invalid_corrected
2165,64,40,,USA,p,2473.0,,male,0.0006999595277191458,,0.00121310149616,0,0,0,1982,1982,,std_invalid_corrected
2166,69,60,,USA,p,16179.0,,total,0.0005123241203663919,,0.00426478768774,1,0,0,1990,1988,,std_invalid_corrected
2167,64,60,,USA,p,,,male,0.001556,,0.000778931595179,0,1,0,1982,1982,,
2168,99,40,,USA,p,5055.0,,male,0.0007391636930908608,,0.00276953511375,1,1,0,1978,1978,,std_invalid_corrected
2169,99,40,,USA,p,5032.0,,female,0.0009712406083258504,,0.00476947535771,1,1,0,1978,1978,,std_invalid_corrected
2170,74,70,,USA,p,,,male,0.001864,,0.0121386304218,0,1,0,1992,1992,,
2171,74,65,,USA,p,7792.0,,female,0.0003847878533395563,,0.00115503080082,0,0,0,1991,1988,,std_invalid_corrected
2172,69,65,,USA,p,,,male,0.00188,,0.00252802696696,0,1,0,1987,1987,,
2173,74,65,,USA,p,948.0,,male,0.0031494995080219614,,0.00949367088607,0,0,0,1982,1982,,std_invalid_corrected
2174,69,65,,USA,p,,,male,0.001334,,0.00540249229808,0,1,0,1982,1982,,
2175,99,85,,USA,p,2295.0,,female,0.0008706999217893243,,0.00174291938998,0,0,0,1991,1988,,std_invalid_corrected
2176,79,70,,USA,p,12556.0,,total,0.0007773519228011496,,0.0076457470532,1,0,0,1990,1988,,std_invalid_corrected
2177,74,65,,USA,p,1235.0,,female,0.003116916072838944,,0.0121457489878,0,0,0,1982,1982,,std_invalid_corrected
2178,84,80,,USA,p,,,male,0.00296,,0.0371934706693,0,1,0,1987,1987,,
2179,74,65,,USA,p,4573.0,,male,0.0008999419909877302,,0.00371747211896,0,0,0,1991,1988,,std_invalid_corrected
2180,74,70,,USA,p,,,male,0.001691,,0.00169653730916,0,1,0,1987,1987,,
2181,94,90,,USA,p,,,male,0.007763,,0.0157907733408,0,1,0,1992,1992,,
2182,84,80,,USA,p,,,male,0.004662,,0.00270250440696,0,1,0,1982,1982,,
2183,79,75,,USA,p,,,male,0.002594,,0.0148263920791,0,1,0,1987,1987,,
2184,89,85,,USA,p,,,male,0.00582,,0.0165317783451,0,1,0,1987,1987,,
2185,79,75,,USA,p,,,male,0.002913,,0.00310275198753,0,1,0,1982,1982,,
2186,74,70,,USA,p,,,male,0.002476,,0.0258408119788,0,1,0,1982,1982,,
2187,99,75,,USA,p,781.0,,female,0.0033724300430861033,,0.00896286811779,0,0,0,1982,1982,,std_invalid_corrected
2188,84,75,,USA,p,5852.0,,female,0.0014311138438137313,,0.0121326042379,0,0,0,1991,1988,,std_invalid_corrected
2189,89,85,,USA,p,,,male,0.004468,,0.0241021738735,0,1,0,1992,1992,,
2190,79,75,,USA,p,,,male,0.002245,,0.00344765797104,0,1,0,1992,1992,,
2191,99,75,,USA,p,472.0,,male,0.006944385271737267,,0.0233050847457,0,0,0,1982,1982,,std_invalid_corrected
2192,99,80,,USA,p,5590.0,,total,0.0011549818500609078,,0.00751341681574,1,0,0,1990,1988,,std_invalid_corrected
2193,84,80,,USA,p,,,male,0.003515,,0.0063964359209,0,1,0,1992,1992,,
2194,84,75,,USA,p,2531.0,,male,0.0015256774602201307,,0.00592651126037,0,0,0,1991,1988,,std_invalid_corrected
2195,99,85,,USA,p,851.0,,male,0.005558847325870765,,0.027027027027,0,0,0,1991,1988,,std_invalid_corrected
